Area,Boro,AreaType,2010-01,2010-02,2010-03,2010-04,2010-05,2010-06,2010-07,2010-08,2010-09,2010-10,2010-11,2010-12,2011-01,2011-02,2011-03,2011-04,2011-05,2011-06,2011-07,2011-08,2011-09,2011-10,2011-11,2011-12,2012-01,2012-02,2012-03,2012-04,2012-05,2012-06,2012-07,2012-08,2012-09,2012-10,2012-11,2012-12,2013-01,2013-02,2013-03,2013-04,2013-05,2013-06,2013-07,2013-08,2013-09,2013-10,2013-11,2013-12,2014-01,2014-02,2014-03,2014-04,2014-05,2014-06,2014-07,2014-08,2014-09,2014-10,2014-11,2014-12,2015-01,2015-02,2015-03,2015-04,2015-05,2015-06,2015-07,2015-08,2015-09,2015-10,2015-11,2015-12,2016-01,2016-02,2016-03,2016-04,2016-05,2016-06,2016-07,2016-08,2016-09,2016-10,2016-11,2016-12,2017-01,2017-02,2017-03,2017-04,2017-05,2017-06,2017-07,2017-08,2017-09,2017-10,2017-11,2017-12,2018-01,2018-02,2018-03,2018-04,2018-05,2018-06,2018-07,2018-08
All Downtown,Manhattan,submarket,4239,4490,4563,4667,4478,4573,4254,4036,3429,3292,3255,3168,3394,3244,3599,3586,3800,4142,4190,4183,3583,3472,3504,3364,3710,3690,4070,4258,4764,4948,5365,5090,4431,4394,4157,4119,4777,4939,5339,5953,6169,6166,6598,6550,6030,6406,5745,5432,5705,5914,6715,7619,8222,7823,7529,7364,6859,6457,5897,5814,6207,5804,6640,7089,7746,8290,8518,7922,6828,6643,5954,5812,6192,6437,6889,7251,7625,8061,8312,8528,7578,7273,6953,6438,7022,6803,7594,7842,8743,9269,9169,8080,7175,6796,5979,5423,5846,5530,6022,6734,7469,7764,8170,7712
All Midtown,Manhattan,submarket,3118,3269,3289,3452,3161,3148,3066,2939,2608,2539,2418,2369,2393,2441,2597,2649,2853,2849,2663,2805,2652,2567,2538,2377,2583,2748,2908,2879,2959,3107,3281,3243,2959,2902,2862,2759,3050,3095,3365,3590,3681,3685,3976,3916,3613,3793,3564,3524,3788,3808,4154,4252,4401,4296,4658,4639,4422,4533,4162,4172,4360,4456,4679,4906,4794,5101,5172,5101,4814,4842,4596,4488,4696,4724,5028,5097,5320,5660,5629,5903,5354,5358,5230,4793,5266,5083,5604,5659,6142,6298,6103,5362,4892,5105,4357,4084,4178,4062,4354,4566,5009,4992,5105,5070
All Upper East Side,Manhattan,submarket,2553,2655,2644,2592,2502,2673,2585,2560,2342,2381,2303,2406,2419,2285,2530,2335,2328,2397,2371,2349,2085,1980,1900,1747,1929,1961,2218,2270,2353,2538,2662,2621,2272,2287,2197,2071,2285,2160,2348,2657,2797,2805,3116,3281,2895,3087,2804,2649,2749,2870,2991,3095,3360,3378,3591,3440,3412,3274,2996,2771,2938,2828,3165,3301,3491,3676,3732,3607,3356,3445,3219,2935,3108,3131,3424,3562,3885,4121,4167,4154,3883,3746,3504,3172,3395,3215,3431,3419,3739,3942,3846,3319,3135,3220,2875,2539,2760,2690,2869,3041,3326,3511,3545,3458
All Upper Manhattan,Manhattan,submarket,846,843,813,738,707,770,754,701,606,624,598,585,612,618,660,687,774,755,732,773,707,710,702,688,792,873,926,955,1050,1130,1265,1301,1128,1202,1139,1170,1290,1223,1277,1513,1690,1741,1738,1604,1446,1593,1596,1542,1724,1735,1871,1996,2251,2269,2615,2646,2451,2548,2461,2467,2683,2614,2786,2814,2761,2893,3205,3009,2767,2687,2717,2623,2626,2660,2737,2810,3050,3327,3493,3588,3192,3045,3118,2939,3176,3092,3240,3101,3506,3890,3921,2979,2687,2755,2354,2001,2197,2229,2444,2614,2928,3106,3431,3420
All Upper West Side,Manhattan,submarket,2165,2188,2308,2454,2328,2414,2220,1925,1699,1669,1614,1559,1562,1575,1672,1608,1748,1957,2053,2079,1922,2034,1702,1588,1719,1810,1898,1968,2133,2256,2243,2265,1957,1939,1883,1798,1933,1973,2119,2300,2417,2433,2550,2517,2528,2589,2383,2508,2488,2538,2692,2689,2963,3363,3557,3284,2941,2808,2562,2462,2683,2569,2892,3101,3271,3529,3687,3406,3005,2886,2658,2647,2724,2721,2881,2917,3220,3559,3556,3651,3293,3179,2999,2773,2889,2803,3071,3088,3509,3741,3662,3161,2890,2853,2627,2322,2538,2421,2548,2755,2955,3084,3175,3200
Alley Park,Queens,neighborhood,0,0,0,0,0,0,0,0,0,0,0,0,0,0,0,0,0,0,0,0,0,0,0,0,0,0,0,0,0,0,0,1,1,1,0,0,0,0,0,0,0,0,0,0,0,0,0,0,0,0,0,0,0,0,0,0,0,0,0,0,0,0,0,0,0,0,0,0,0,0,0,0,0,0,0,0,0,0,0,0,0,0,0,0,0,0,0,1,1,0,0,0,0,0,0,0,0,0,0,0,0,0,0,0
Astoria,Queens,neighborhood,102,100,110,80,59,53,51,47,52,54,54,48,43,39,40,51,95,108,74,64,63,67,58,63,81,74,88,114,152,161,152,137,133,132,146,155,196,202,233,258,302,339,381,306,312,406,444,484,535,593,707,854,978,864,794,827,808,858,1078,1128,933,1077,1175,1146,1389,1504,1141,1025,1023,1142,1136,1002,967,1073,1176,1273,1302,1332,1284,1306,1374,1466,1426,1417,1812,2012,2283,2211,2344,2589,2490,1490,1629,1679,1568,1373,1556,1729,1921,1848,2113,2189,1955,1792
Auburndale,Queens,neighborhood,2,1,1,1,1,1,0,0,0,0,0,0,0,1,2,1,3,4,5,4,4,1,2,4,4,4,5,6,8,11,9,5,5,5,8,9,6,6,6,8,4,0,2,4,3,7,5,2,2,2,5,6,7,6,7,10,5,5,6,8,13,9,11,18,14,10,15,23,16,12,14,9,10,10,13,24,17,14,19,18,16,15,12,5,11,14,17,13,16,27,26,19,20,23,22,17,17,15,19,15,17,13,23,16
Bath Beach,Brooklyn,neighborhood,2,2,1,2,2,2,0,2,2,1,1,1,1,1,4,3,4,4,9,12,11,10,11,11,10,9,7,4,6,7,6,6,6,6,5,2,2,2,3,4,3,3,5,5,5,7,12,10,11,9,6,6,11,14,13,10,10,11,8,11,13,14,14,22,20,22,20,21,25,30,18,16,26,21,24,22,20,20,18,25,21,25,31,31,33,35,47,41,39,45,44,19,28,31,16,17,33,31,37,39,50,35,48,64
Battery Park City,Manhattan,neighborhood,213,207,206,189,184,200,186,212,196,187,170,180,194,215,237,210,182,214,214,221,228,251,259,224,225,220,251,265,280,305,313,298,268,268,279,236,285,288,300,308,328,327,320,366,332,359,275,320,312,297,303,343,425,318,337,334,291,300,294,275,283,252,284,285,296,296,290,309,285,321,267,257,267,281,279,266,261,292,293,309,260,260,276,238,259,250,253,257,251,252,251,229,216,222,206,215,207,196,211,206,209,220,236,245
Bay Ridge,Brooklyn,neighborhood,48,48,45,46,37,43,36,32,29,37,44,35,39,41,48,43,50,52,52,45,43,41,39,33,29,35,37,30,26,32,34,36,46,47,40,34,45,44,48,49,62,51,65,86,95,188,247,245,299,345,316,291,155,176,197,221,250,279,288,272,298,255,264,298,315,252,261,290,269,295,301,267,278,263,239,259,287,308,289,288,245,258,263,233,325,400,518,523,580,653,625,382,375,452,484,368,409,442,508,560,619,664,617,628
Baychester,Bronx,neighborhood,0,0,0,0,0,0,0,0,0,0,0,0,0,0,0,0,0,0,0,0,0,0,0,1,1,1,1,1,1,1,0,0,0,0,0,0,0,0,0,0,1,0,0,0,0,0,0,0,0,0,0,0,0,0,0,0,0,0,0,0,0,0,0,0,1,0,0,0,0,0,0,0,0,1,1,1,1,0,0,0,0,0,1,1,0,0,0,2,2,2,0,0,0,0,1,1,0,0,0,0,0,0,0,0
Bayside,Queens,neighborhood,12,14,12,10,8,6,4,4,4,4,4,11,8,7,7,10,15,17,19,21,18,19,19,12,12,9,14,14,17,15,19,21,17,12,16,16,9,12,15,15,15,12,17,16,15,12,13,12,11,9,19,21,24,20,27,35,37,36,35,33,41,42,39,31,29,21,26,29,26,23,21,17,26,47,45,48,47,31,27,28,36,38,39,34,37,31,34,32,41,64,82,38,36,39,40,40,33,40,36,29,33,40,43,33
Bedford Park,Bronx,neighborhood,2,3,3,2,2,7,3,1,1,2,2,3,3,2,4,4,6,7,7,7,11,8,5,4,5,4,5,6,6,5,11,14,11,9,10,9,7,5,8,4,3,4,8,10,10,12,8,5,7,5,12,14,6,9,30,43,44,44,69,65,69,79,75,61,45,41,42,36,32,41,29,32,38,42,44,37,30,34,36,48,57,50,34,27,34,41,33,36,47,43,46,19,15,21,18,14,13,18,12,13,15,15,18,16
Bedford-Stuyvesant,Brooklyn,neighborhood,132,122,118,121,105,110,101,113,107,129,123,139,166,169,147,150,143,134,154,171,150,168,169,159,177,193,180,202,214,218,236,253,219,208,205,241,250,257,289,338,335,348,396,441,404,480,471,497,548,539,700,778,831,869,967,1145,1091,1054,1168,1078,1090,1155,1270,1339,1508,1674,1840,1814,1529,1427,1247,1154,1187,1187,1348,1357,1516,1685,1827,1961,1780,1608,1636,1528,1733,1660,1945,1940,2229,2473,2598,1710,1536,1651,1646,1354,1457,1427,1518,1651,1843,1919,2166,2157
Bellerose,Queens,neighborhood,1,1,1,1,1,1,1,1,1,0,0,0,0,0,0,0,0,0,0,0,0,0,0,0,0,0,0,0,0,0,0,0,0,0,0,0,0,0,0,0,0,0,0,0,0,1,2,4,4,4,6,6,6,10,8,7,12,10,9,6,11,9,3,5,3,3,3,7,4,7,6,5,9,7,6,6,10,9,7,5,3,7,10,6,6,5,3,1,1,6,8,4,2,4,2,6,9,9,6,2,1,1,1,2
Belmont,Bronx,neighborhood,1,1,2,2,0,1,1,0,0,0,0,0,0,0,0,0,0,0,1,1,0,0,0,1,1,1,1,1,2,2,2,2,4,34,71,10,8,3,4,3,4,4,18,18,16,16,9,9,8,14,6,4,3,1,3,8,9,17,10,9,17,20,16,10,10,10,11,17,28,28,22,13,14,10,13,20,22,18,19,28,29,23,20,22,19,26,28,31,35,32,48,28,36,29,23,20,24,21,26,20,26,31,43,53
Bensonhurst,Brooklyn,neighborhood,0,0,4,5,4,3,6,7,3,5,8,5,3,4,12,17,15,16,11,11,8,4,5,7,6,6,2,5,9,9,7,12,10,9,5,3,12,19,10,10,16,12,21,12,20,18,17,14,17,20,22,18,21,26,32,36,35,34,31,33,45,38,39,37,44,40,41,37,37,46,57,48,45,36,34,32,45,33,27,43,40,48,54,36,43,50,64,57,67,80,75,27,41,48,47,47,52,45,76,88,99,98,91,119
Bergen Beach,Brooklyn,neighborhood,1,1,1,1,1,1,0,0,0,0,0,0,0,1,0,0,1,0,0,1,1,0,0,0,0,0,1,1,2,2,4,4,4,2,1,1,1,2,2,2,1,2,2,3,4,3,0,0,0,0,0,1,2,3,5,9,14,13,13,11,8,7,6,8,10,7,4,2,2,1,2,3,2,2,6,6,7,5,5,5,3,11,14,10,11,19,23,17,9,5,8,15,9,10,11,10,6,3,6,8,12,10,13,19
Boerum Hill,Brooklyn,neighborhood,45,42,43,32,27,54,55,47,34,28,22,17,24,33,32,35,32,46,43,36,27,20,25,25,28,32,31,32,39,49,36,35,33,34,44,37,28,33,32,55,59,54,76,82,84,86,75,98,104,80,81,116,138,162,151,154,179,140,125,107,136,139,131,136,148,137,161,173,145,140,126,141,146,124,136,138,170,169,164,169,196,178,173,157,187,195,230,238,231,211,229,225,214,215,160,119,133,143,157,165,176,179,182,144
Borough Park,Brooklyn,neighborhood,5,4,6,6,5,3,4,8,4,9,10,8,8,12,13,11,12,10,10,12,9,9,10,5,6,7,6,6,11,9,11,9,5,6,4,3,2,1,3,4,6,7,7,8,7,8,12,19,19,19,21,17,22,18,23,26,29,36,41,42,31,29,32,35,39,37,37,43,32,41,26,29,35,37,41,28,40,42,35,53,76,58,68,54,69,69,73,58,73,87,90,49,56,66,52,43,37,43,47,68,66,68,79,75
Bowne Park,Queens,neighborhood,0,0,0,0,0,0,0,0,0,0,0,0,0,0,0,0,0,0,0,0,0,0,0,0,0,0,0,0,0,0,0,0,0,0,0,0,0,0,0,0,0,0,0,0,0,0,0,0,0,0,0,0,0,0,0,0,0,0,0,0,0,0,0,0,0,0,0,0,0,0,0,0,0,0,0,0,0,0,0,0,0,0,0,0,0,0,0,0,0,0,0,0,0,0,0,0,0,0,0,0,0,0,0,0
Briarwood,Queens,neighborhood,7,10,9,6,9,8,7,6,8,5,6,10,8,7,6,7,10,7,5,5,4,2,2,5,4,4,3,3,6,8,6,8,8,8,9,8,11,14,11,12,19,20,15,13,8,11,16,19,25,25,26,32,33,34,34,27,35,37,32,37,42,40,53,55,65,84,83,62,57,69,56,45,46,41,52,56,61,60,59,67,77,88,97,81,89,99,104,96,98,126,142,70,81,52,56,68,71,54,46,51,52,59,68,83
Brighton Beach,Brooklyn,neighborhood,5,5,4,3,2,3,2,4,3,3,2,2,7,11,13,9,13,16,10,9,12,12,3,6,4,5,6,6,16,22,23,22,18,17,21,22,15,17,27,26,45,40,40,47,44,41,39,26,18,39,27,29,31,41,47,57,60,62,61,88,73,58,70,123,114,103,79,84,100,102,112,91,95,84,76,90,79,64,60,70,65,62,67,67,76,61,89,96,124,134,101,47,39,53,42,51,62,67,74,85,119,94,92,115
Bronx,Bronx,borough,165,183,186,154,138,119,107,109,81,97,101,104,117,103,115,123,156,165,166,179,180,188,179,166,181,188,200,195,198,219,247,230,227,284,319,223,208,194,198,217,221,226,251,243,228,230,256,259,273,302,323,319,324,369,493,560,592,577,625,656,674,708,776,736,650,714,785,719,700,776,753,780,830,789,789,715,717,704,710,849,886,876,887,807,888,890,909,868,901,984,929,682,701,770,742,654,671,664,671,679,780,824,917,1077
Bronxwood,Bronx,neighborhood,0,0,0,0,0,0,1,1,1,0,0,0,0,1,1,1,5,4,0,1,1,0,3,3,2,3,2,1,7,7,9,4,2,6,6,0,0,0,0,0,1,1,1,2,2,3,6,3,7,5,6,5,5,4,3,9,8,3,3,10,7,10,7,5,7,6,8,7,7,7,5,8,6,5,4,3,2,3,1,6,12,16,15,18,26,34,27,26,16,22,21,14,10,17,17,17,13,27,27,21,14,18,20,27
Brooklyn,Brooklyn,borough,1831,1798,1860,1857,1688,1637,1577,1581,1384,1429,1563,1492,1678,1798,1888,1792,1961,1993,2097,1936,1704,1662,1661,1763,1803,1912,2022,2082,2301,2536,2608,2570,2469,2573,2475,2485,2744,2744,2713,3036,3280,3362,4046,4466,4333,4916,4856,5211,5698,5568,5925,6355,6846,7557,8622,9268,9085,9001,9055,8835,9388,9603,10067,10396,11125,12378,13242,13458,11781,10991,9769,9053,9549,9301,10082,10520,11942,12747,13348,14135,13137,12118,12066,11203,12979,12953,14907,14952,17061,18809,18763,14182,12921,13303,12193,10656,11623,11365,12345,13260,15434,16304,17709,18292
Brooklyn Heights,Brooklyn,neighborhood,100,111,119,111,121,99,79,78,83,75,68,62,61,58,67,67,83,101,122,106,89,77,82,94,108,109,120,116,124,131,113,89,90,94,85,77,115,114,107,121,164,152,177,171,169,203,189,207,210,198,223,223,229,298,324,323,307,254,247,270,275,261,277,276,295,296,290,293,257,280,248,218,226,211,216,225,286,326,377,355,337,295,295,280,305,302,336,371,401,481,430,356,279,302,241,220,232,227,241,277,278,289,262,236
Brookville,Queens,neighborhood,2,1,1,0,0,0,0,0,0,0,0,0,0,0,0,0,0,0,0,0,0,0,0,0,0,0,0,0,0,1,1,0,0,0,0,0,0,0,0,0,0,0,0,0,0,0,0,0,0,0,0,0,0,0,0,0,0,0,1,0,0,0,0,0,0,1,1,0,0,0,0,0,1,0,0,0,0,0,1,1,2,2,1,1,1,0,0,2,2,1,1,0,0,0,1,1,1,1,0,1,0,2,2,3
Brownsville,Brooklyn,neighborhood,4,2,3,2,2,2,2,2,2,2,2,4,5,5,5,4,4,4,4,4,3,4,6,6,6,5,7,6,9,10,9,7,4,3,3,6,10,16,14,13,12,12,13,11,15,13,13,9,14,16,16,17,16,20,22,21,15,13,16,15,20,22,27,37,56,46,37,43,45,53,49,44,50,39,46,41,37,39,46,54,52,46,49,42,40,43,68,51,69,82,69,39,39,39,41,38,48,42,30,48,54,46,41,33
Bushwick,Brooklyn,neighborhood,13,12,20,52,41,18,22,16,21,19,20,51,72,96,124,77,78,33,38,40,20,24,36,30,36,50,65,76,79,102,105,87,75,68,59,61,81,105,102,97,102,125,153,207,191,248,267,261,276,293,332,409,474,553,644,621,568,498,520,483,598,625,670,800,895,1208,1515,1448,1033,860,696,648,641,704,762,845,1188,1281,1407,1486,1300,1099,1024,932,962,945,1162,1260,1613,2013,2047,1488,1381,1205,1208,998,1139,1017,1151,1239,1706,1989,2349,2746
Cambria Heights,Queens,neighborhood,0,0,0,0,0,0,0,0,0,0,0,0,0,0,0,0,0,0,0,0,0,0,0,0,0,0,0,0,0,0,0,0,0,0,0,0,0,0,0,0,0,0,0,0,0,0,0,0,0,0,0,0,0,0,0,0,0,0,0,0,0,0,0,2,0,0,0,0,0,0,0,0,1,2,0,0,2,2,1,1,1,1,1,1,1,0,2,2,1,1,2,1,0,1,1,1,1,1,1,0,0,0,0,0
Canarsie,Brooklyn,neighborhood,2,4,4,3,0,0,0,0,0,2,6,4,6,8,6,9,10,11,14,10,7,7,6,5,2,2,2,3,3,4,2,2,4,2,2,4,8,3,6,8,8,8,10,9,12,9,5,6,4,3,6,8,11,13,18,13,9,15,15,20,17,19,22,17,20,25,23,22,26,24,23,25,16,15,13,13,18,15,16,17,27,30,34,25,22,22,31,20,31,36,34,23,27,27,29,18,32,35,41,34,36,33,30,44
Carroll Gardens,Brooklyn,neighborhood,84,80,69,62,64,56,48,41,27,29,37,30,34,30,33,35,58,54,49,49,53,38,32,40,48,45,56,58,73,83,72,71,54,65,59,47,43,35,33,42,62,78,89,65,67,75,69,69,82,110,125,126,129,170,168,194,267,230,184,188,189,214,224,233,212,209,234,229,202,196,193,181,181,188,205,197,195,257,294,278,256,236,227,197,207,213,253,246,297,318,293,233,199,233,174,150,170,212,214,189,227,212,235,210
Castle Hill,Bronx,neighborhood,0,0,0,0,0,0,0,0,1,1,1,0,0,0,0,0,1,1,1,0,0,0,0,0,1,1,1,0,0,0,0,3,3,1,1,1,0,1,1,0,0,0,0,0,0,0,0,0,0,0,0,0,0,0,1,1,0,1,1,26,20,8,4,3,4,4,5,8,10,13,8,9,15,12,9,12,11,6,10,45,52,57,44,44,32,25,23,27,19,18,18,20,18,20,21,19,14,4,9,8,12,12,11,25
Central Harlem,Manhattan,neighborhood,412,387,333,300,272,312,287,288,254,275,257,239,246,246,287,308,302,290,293,287,301,303,281,265,351,349,368,351,417,442,465,479,430,495,462,481,486,477,448,575,682,723,669,574,530,617,607,580,651,623,661,693,778,756,867,914,829,782,796,788,832,844,883,870,869,962,989,902,887,867,886,835,861,856,895,879,1029,1135,1143,1177,1089,1045,1053,941,1000,970,1065,998,1123,1255,1230,861,737,745,652,566,629,656,705,767,895,1003,1017,997
Central Park South,Manhattan,neighborhood,117,105,113,99,91,105,98,90,77,77,75,78,71,75,80,77,79,74,72,82,84,84,79,80,87,91,106,91,78,91,91,94,75,79,87,85,93,94,108,98,99,105,117,105,101,108,106,99,97,105,97,95,108,128,127,123,118,129,120,121,139,130,118,119,106,109,120,110,108,120,116,103,104,118,120,112,121,115,106,106,103,109,115,110,113,106,120,116,110,118,111,81,85,101,89,80,80,77,86,78,87,94,76,84
Central Queens,Queens,submarket,180,172,177,196,268,269,257,241,263,275,283,294,282,278,178,182,214,215,188,181,167,203,203,179,163,198,226,227,172,174,227,208,194,258,246,240,259,238,245,241,231,185,204,214,209,320,374,341,369,391,435,626,885,580,663,606,569,741,741,725,784,853,1000,1034,1031,1010,952,945,1058,1135,1141,1001,966,1006,1096,1021,1079,1178,1183,1187,1218,1303,1291,1185,1453,1568,1853,1846,1990,2158,2161,1442,1470,1521,1364,1260,1437,1479,1575,1574,1612,1716,1629,1621
Chelsea,Manhattan,neighborhood,604,657,677,665,598,606,623,569,493,502,443,389,416,414,468,406,457,456,456,495,464,452,448,398,418,426,508,533,594,645,625,577,550,536,497,508,618,622,743,847,768,702,710,687,686,696,643,703,768,762,843,873,886,921,1019,971,954,943,875,902,944,909,954,1008,1046,1081,1087,995,941,974,879,833,849,901,994,945,947,1037,1147,1156,1104,1052,1011,959,1037,1017,1084,1017,1142,1220,1190,1069,1036,979,918,835,883,806,864,907,985,1027,1032,993
Chinatown,Manhattan,neighborhood,19,17,16,16,23,26,30,27,38,33,40,33,39,31,27,25,24,26,35,29,22,21,20,20,18,20,26,29,38,39,40,31,22,23,28,34,31,31,40,36,39,47,41,33,26,39,40,47,51,44,56,44,58,54,74,78,82,74,67,70,80,68,72,62,62,72,93,85,56,65,60,46,53,51,61,76,94,82,76,89,78,66,61,70,67,82,107,104,109,99,87,97,83,74,74,69,65,70,75,87,82,63,79,75
City Island,Bronx,neighborhood,0,0,0,0,0,0,0,0,0,0,0,0,0,0,0,0,0,0,0,0,0,0,0,0,0,0,0,0,0,0,0,0,1,1,1,1,1,1,1,1,1,0,0,1,1,0,0,0,0,1,2,1,0,0,0,1,1,1,2,1,2,1,1,1,1,0,0,0,0,1,1,1,3,2,3,2,2,1,1,1,0,1,2,2,2,1,1,1,1,2,2,1,0,0,0,0,0,1,1,0,0,0,1,1
Civic Center,Manhattan,neighborhood,0,0,0,0,1,1,1,1,1,0,0,1,1,1,1,1,1,1,1,0,0,0,0,0,0,0,2,2,2,1,1,1,1,1,0,0,0,0,0,0,0,0,1,1,1,2,1,1,2,2,2,1,1,1,0,0,0,1,2,2,2,1,0,0,0,0,1,1,1,0,0,0,0,0,0,0,0,0,1,1,1,1,1,1,1,0,0,0,2,8,3,3,5,2,1,2,1,0,0,1,6,0,0,0
Clearview,Queens,neighborhood,4,4,4,3,2,1,1,1,1,1,1,2,2,1,2,3,4,4,3,2,1,1,2,1,1,0,0,1,1,0,0,0,0,0,0,0,0,0,0,0,1,1,1,0,1,1,1,1,0,0,1,3,1,2,2,3,2,2,2,1,1,1,1,0,1,1,2,2,1,1,1,1,4,3,3,1,2,3,3,2,1,2,3,2,2,2,2,1,3,8,7,0,1,2,3,2,2,0,1,1,1,1,2,2
Clinton Hill,Brooklyn,neighborhood,60,67,92,91,79,73,73,92,88,83,136,153,144,129,127,122,144,139,145,144,92,82,105,105,84,77,76,90,94,146,149,136,133,102,97,92,94,106,124,136,151,150,168,230,206,235,213,209,195,193,201,222,252,310,411,402,383,378,347,356,367,333,326,302,312,415,416,448,418,357,307,296,338,300,288,299,325,354,408,418,368,350,406,401,455,436,445,435,465,483,509,446,411,405,335,288,304,298,310,329,340,347,372,407
Co-op City,Bronx,neighborhood,0,0,0,0,0,0,0,0,0,0,0,0,0,0,0,0,0,0,0,0,0,0,0,0,0,0,0,0,0,0,0,0,0,0,1,1,1,1,0,0,0,0,0,0,0,0,7,8,8,8,0,0,0,0,0,0,0,0,0,0,0,0,0,2,2,1,0,0,0,0,0,0,0,0,0,0,0,0,0,0,0,0,0,0,0,0,0,0,0,0,0,0,0,0,0,0,1,1,0,0,0,0,0,0
Cobble Hill,Brooklyn,neighborhood,32,28,30,31,33,41,40,32,24,26,20,11,20,24,23,19,30,43,47,25,22,36,36,30,36,24,32,40,47,52,44,42,41,38,34,34,47,32,33,53,49,53,75,76,71,68,60,59,70,74,66,72,80,95,108,132,145,134,122,120,117,112,113,109,119,129,132,144,125,138,124,117,135,104,109,125,136,143,133,139,129,125,110,118,137,131,157,154,168,164,187,149,132,128,107,94,126,124,132,141,156,146,153,137
College Point,Queens,neighborhood,5,3,3,2,0,0,0,0,0,0,0,0,0,1,1,1,1,2,2,2,1,2,2,2,3,5,1,2,7,6,6,6,2,2,2,2,2,2,4,4,0,0,1,1,6,6,2,2,2,2,4,5,7,6,2,3,2,2,2,3,2,2,4,6,5,5,3,3,0,9,5,3,2,3,5,4,7,9,5,8,7,8,9,11,10,9,6,8,9,25,27,10,7,9,5,1,3,5,8,11,10,9,9,8
Columbia St Waterfront District,Brooklyn,neighborhood,13,10,9,9,12,15,13,16,14,10,12,10,15,15,33,29,22,7,15,14,7,14,10,9,16,23,16,9,14,27,28,25,13,16,18,12,14,14,17,22,23,22,34,32,30,28,24,26,34,29,44,46,33,46,37,40,28,28,37,37,48,55,51,53,61,68,58,71,59,50,39,35,43,52,47,63,64,68,66,77,56,58,53,49,63,67,68,63,68,71,73,80,99,70,52,36,38,40,37,48,54,44,33,49
Concourse,Bronx,neighborhood,8,9,7,10,7,8,8,7,8,13,9,10,12,8,11,8,9,13,9,11,17,15,13,13,15,17,13,15,16,24,28,22,23,25,22,19,23,13,16,18,17,14,10,12,13,14,12,18,19,19,22,21,20,23,32,38,53,53,46,22,25,19,27,33,31,46,61,60,41,41,46,57,46,29,43,50,49,44,46,47,57,52,55,57,56,57,53,40,58,63,58,50,46,34,44,39,35,36,29,36,44,41,42,52
Coney Island,Brooklyn,neighborhood,5,2,2,0,0,0,0,0,0,0,0,0,0,1,0,0,0,0,0,0,0,0,0,2,3,5,5,3,3,3,4,9,8,22,19,8,14,15,16,17,19,17,21,16,18,25,25,20,11,11,12,17,13,10,13,12,20,17,14,22,33,25,34,28,34,40,42,51,80,54,28,32,51,40,32,30,38,31,31,28,33,38,32,25,31,32,37,30,33,34,38,21,30,34,26,25,22,24,42,40,36,35,37,32
Corona,Queens,neighborhood,29,28,27,27,149,149,150,150,151,150,150,153,153,154,29,30,29,29,28,29,31,31,30,3,2,2,3,2,2,1,7,5,4,3,2,1,3,1,2,1,1,2,2,2,2,1,2,1,3,2,2,68,202,36,35,35,27,19,13,18,23,24,10,29,40,47,41,32,58,49,62,57,41,40,67,58,39,63,66,56,58,58,62,57,61,64,70,83,73,90,71,69,49,65,58,57,71,84,62,44,33,28,21,18
Country Club,Bronx,neighborhood,0,0,0,0,0,0,0,0,0,0,0,0,0,0,0,0,0,0,0,0,0,1,1,0,0,0,0,0,1,1,1,0,0,0,0,2,1,2,1,1,1,0,0,0,0,0,2,2,2,2,1,1,0,1,1,0,0,0,0,0,0,0,0,0,0,0,0,0,0,5,8,2,0,1,1,1,3,2,1,1,0,0,0,0,0,0,0,1,1,3,3,1,2,2,1,1,0,0,0,0,2,3,2,2
Crotona Park East,Bronx,neighborhood,1,1,0,0,1,1,0,0,0,0,0,0,0,0,0,0,0,0,1,1,0,0,0,0,0,0,0,0,0,0,0,0,0,0,1,1,0,1,1,1,0,0,0,0,1,1,1,1,1,4,1,0,0,1,1,0,0,0,0,2,0,2,2,0,1,1,1,2,2,5,8,4,5,5,7,9,2,3,2,0,0,8,5,1,3,2,3,2,2,2,1,0,1,3,8,6,4,4,3,2,1,5,6,7
Crown Heights,Brooklyn,neighborhood,87,78,78,84,83,67,67,79,73,61,92,97,129,135,117,105,110,117,137,112,122,97,105,114,127,113,132,125,121,120,143,133,103,122,136,142,156,159,147,151,157,160,195,205,197,265,282,305,338,355,415,408,463,524,664,723,662,712,750,735,723,781,824,871,957,1118,1140,1212,1051,880,757,712,721,700,712,784,861,1013,1121,1250,1117,1005,988,870,978,963,1215,1314,1617,1829,1811,1194,1155,1226,1215,1133,1085,985,1039,1206,1517,1563,1512,1467
DUMBO,Brooklyn,neighborhood,40,51,69,78,87,72,49,44,37,40,38,36,34,43,54,57,54,59,68,63,50,48,41,36,57,69,76,99,103,99,81,77,60,48,43,34,34,42,53,75,94,97,108,140,106,78,74,68,90,96,101,104,105,109,119,114,99,100,109,88,106,89,96,98,91,124,107,127,130,117,89,85,97,95,108,103,102,117,129,133,119,108,99,111,126,125,133,140,139,157,137,125,112,115,92,87,88,89,83,72,82,99,107,96
Ditmas Park,Brooklyn,neighborhood,11,10,14,11,6,9,12,10,8,8,12,9,11,18,21,18,18,26,23,22,22,29,26,20,23,28,25,21,14,24,29,30,30,32,35,22,37,30,31,26,30,29,34,38,28,33,54,46,59,56,48,60,80,88,96,96,102,135,140,133,168,169,183,170,166,171,199,214,158,161,146,119,117,136,160,151,131,136,139,136,115,130,146,143,186,182,214,219,258,261,279,161,146,176,164,140,148,153,157,151,219,180,267,222
Douglaston,Queens,neighborhood,4,4,4,3,1,2,1,1,1,1,1,3,3,2,2,3,5,4,2,2,2,2,3,1,1,0,1,3,2,1,4,6,4,5,5,5,5,3,3,3,2,3,7,8,10,12,11,13,10,8,5,5,6,4,3,3,3,3,5,15,7,8,7,3,2,5,6,2,2,2,2,1,5,5,6,9,4,4,2,5,4,6,7,4,5,3,2,6,8,9,12,4,4,4,4,5,1,1,2,2,2,1,1,3
Downtown Brooklyn,Brooklyn,neighborhood,149,144,146,145,101,84,94,99,106,104,116,70,77,78,89,89,107,103,116,117,105,77,76,72,80,95,112,105,115,126,106,111,124,131,132,171,140,148,121,117,134,126,144,157,188,202,180,205,216,236,235,248,242,270,269,329,323,299,263,260,281,259,268,273,288,275,273,300,337,354,345,355,436,394,415,486,506,511,422,489,492,474,442,393,411,379,403,388,432,515,493,446,447,496,447,443,497,371,495,415,431,397,453,428
Dyker Heights,Brooklyn,neighborhood,7,6,8,8,11,7,7,10,8,11,11,10,11,11,13,17,16,15,13,14,13,14,12,9,14,11,7,8,9,5,5,3,5,3,3,4,5,11,10,11,12,10,4,7,8,9,16,9,10,22,19,15,10,19,26,23,25,29,33,28,29,24,26,31,35,39,34,42,39,34,42,30,28,33,31,40,45,35,45,54,43,43,45,47,63,59,76,67,61,58,66,31,38,34,44,29,34,37,59,56,57,69,66,65
East Brooklyn,Brooklyn,submarket,239,216,221,261,231,197,192,212,208,213,238,292,374,408,398,343,341,293,338,330,298,300,321,311,352,367,395,416,431,457,501,489,414,413,415,465,524,564,572,617,620,655,775,884,825,1029,1060,1097,1215,1242,1501,1635,1806,1990,2338,2554,2378,2311,2489,2353,2489,2630,2823,3086,3456,4105,4582,4571,3717,3276,2796,2610,2645,2684,2927,3099,3683,4083,4471,4823,4312,3824,3776,3450,3808,3716,4510,4678,5653,6569,6666,4497,4179,4205,4188,3594,3812,3555,3841,4244,5214,5602,6161,6521
East Elmhurst,Queens,neighborhood,1,1,1,1,1,1,1,1,1,0,0,0,0,0,0,0,0,0,0,0,1,1,1,1,1,1,1,1,0,0,0,0,0,0,0,0,0,0,0,0,0,0,1,1,3,3,4,1,1,1,2,10,9,4,3,5,1,1,4,4,3,4,3,3,3,5,4,1,1,1,2,4,1,4,3,2,1,1,2,1,2,2,2,0,1,3,4,7,8,8,7,4,4,2,5,2,4,7,4,3,3,3,2,11
East Flatbush,Brooklyn,neighborhood,19,17,21,18,6,9,20,18,20,11,6,13,14,12,16,16,14,16,16,20,18,13,17,10,13,18,17,16,16,15,20,18,20,13,10,15,15,19,18,16,25,17,32,37,21,27,39,37,49,68,47,51,50,51,67,97,112,120,100,83,80,99,145,111,104,138,145,155,174,184,200,182,141,136,178,172,204,213,165,175,177,145,162,160,225,220,239,216,248,264,249,175,209,206,172,188,222,200,212,237,216,213,274,291
East Harlem,Manhattan,neighborhood,132,123,134,117,128,144,164,163,131,110,96,91,95,100,91,97,110,117,119,177,128,120,120,105,109,158,176,182,192,223,196,201,193,196,197,177,244,226,242,238,264,274,303,318,309,331,360,333,328,357,403,452,494,533,567,598,564,551,472,450,506,503,554,610,586,603,731,760,661,594,600,590,569,573,596,645,688,665,685,674,611,562,519,482,513,503,524,518,594,665,667,640,675,684,460,361,382,394,424,446,495,486,534,568
East New York,Brooklyn,neighborhood,3,2,2,2,0,0,0,2,5,2,1,1,2,3,5,7,6,5,5,3,3,7,5,2,6,6,11,7,9,8,9,11,14,13,12,15,27,27,20,18,14,10,18,20,18,23,27,25,39,39,38,23,22,24,41,44,42,34,35,42,58,47,32,39,40,59,51,55,59,56,47,52,46,54,59,72,82,66,71,73,64,67,80,78,95,105,120,113,125,172,141,66,68,84,78,71,83,84,103,100,94,85,93,118
East Tremont,Bronx,neighborhood,0,0,1,1,1,1,0,0,0,0,0,0,0,0,1,1,1,1,1,2,1,1,0,0,0,0,0,0,1,7,7,7,6,6,2,2,1,1,2,2,1,1,0,0,1,1,1,1,1,11,9,15,9,6,17,25,17,9,11,13,17,17,19,14,20,19,10,20,21,20,29,19,12,6,11,10,7,5,8,9,14,11,8,8,11,18,15,13,14,19,20,8,13,17,10,13,14,15,16,14,7,14,20,21
East Village,Manhattan,neighborhood,457,486,537,539,562,566,499,422,343,321,332,312,329,310,341,402,444,502,499,497,383,379,354,350,386,420,470,560,616,691,873,774,600,561,555,514,590,578,566,729,869,1021,1074,1150,950,841,689,667,747,763,872,918,1150,1279,1397,1338,1243,1179,1090,1088,1169,978,1153,1329,1430,1698,1782,1456,1142,1089,1002,921,1020,1011,1126,1228,1371,1470,1558,1589,1296,1240,1099,986,1137,1077,1213,1397,1663,1898,1979,1680,1334,1153,890,859,877,841,976,1207,1503,1673,1837,1679
Eastchester,Bronx,neighborhood,0,0,0,0,0,0,0,0,0,0,0,0,0,0,0,0,0,0,0,1,1,0,0,0,0,0,0,0,0,0,0,0,0,0,0,0,0,0,0,0,0,0,0,0,0,0,0,0,0,0,0,0,0,0,0,0,0,0,0,0,0,0,0,0,0,1,1,2,0,0,0,0,0,0,0,0,0,0,0,0,3,4,3,0,0,0,1,0,0,0,0,0,0,0,0,0,1,1,4,1,0,0,1,0
Edenwald,Bronx,neighborhood,0,0,0,0,0,0,0,0,0,0,0,0,0,0,0,0,0,0,0,1,1,0,0,0,0,0,0,0,1,1,1,1,1,1,1,1,1,3,3,3,2,2,2,2,4,4,3,3,2,2,2,3,2,2,2,2,2,3,2,1,0,0,0,0,0,0,0,0,0,0,0,0,1,1,1,1,2,3,3,1,0,1,1,1,2,3,2,3,2,2,3,0,0,0,0,0,1,1,1,1,2,3,0,0
Elmhurst,Queens,neighborhood,10,11,10,11,9,11,7,5,5,7,5,6,8,5,4,6,8,10,8,11,6,4,7,5,3,4,5,6,3,1,8,12,10,63,50,42,33,34,41,34,27,20,23,22,14,27,31,28,34,32,31,34,50,50,48,38,41,45,47,44,37,32,47,48,38,49,63,72,76,69,60,53,55,66,66,73,77,75,70,71,75,67,72,59,92,138,153,136,130,175,161,82,90,90,99,93,117,130,149,110,110,132,99,112
Financial District,Manhattan,neighborhood,644,669,626,602,530,534,533,531,533,554,567,573,601,529,589,602,608,643,651,653,637,580,648,627,674,642,767,705,690,669,703,727,645,736,653,749,896,962,1032,1067,1088,1066,1092,1075,1066,1120,916,900,902,925,994,1097,1039,1006,984,1002,919,850,792,790,852,791,840,847,935,963,922,917,862,854,790,786,844,886,922,985,949,974,920,993,884,865,790,787,857,883,943,942,995,1053,960,913,840,813,800,747,813,711,699,754,778,800,804,784
Flatbush,Brooklyn,neighborhood,9,10,8,11,8,13,9,19,20,15,15,14,12,17,18,42,23,23,21,20,22,23,25,16,14,12,12,8,6,15,20,29,22,30,23,21,29,27,36,47,44,55,57,78,72,71,50,59,62,52,48,61,72,90,134,194,226,260,279,251,203,209,182,203,237,270,245,247,224,232,221,224,213,197,209,204,221,262,269,274,306,295,356,367,408,379,428,411,441,454,479,382,395,399,415,333,398,401,360,332,393,451,560,579
Flatiron,Manhattan,neighborhood,259,247,256,253,254,254,224,243,231,224,247,231,222,208,231,220,235,230,219,240,197,231,201,152,192,183,197,215,266,278,280,290,277,290,256,246,259,278,341,344,338,308,344,347,351,603,945,704,639,578,520,413,447,374,401,391,393,429,402,425,526,486,609,597,595,585,545,523,495,480,435,442,457,450,492,489,538,546,528,503,473,501,494,433,460,427,519,518,575,554,522,456,435,474,369,351,388,360,400,418,440,486,455,420
Flatlands,Brooklyn,neighborhood,0,1,1,1,1,1,1,1,1,1,1,1,2,3,5,3,4,4,5,4,4,2,0,0,0,0,0,1,1,1,0,1,1,4,2,2,2,2,2,4,3,2,2,2,1,2,2,2,1,1,2,3,2,5,5,2,2,3,3,3,7,6,6,5,4,1,3,5,4,6,6,7,6,5,5,4,5,4,6,6,8,11,5,2,6,5,7,7,13,10,8,1,4,4,11,9,13,10,9,7,6,7,7,16
Floral Park,Queens,neighborhood,0,0,0,0,0,0,0,0,0,0,0,0,0,0,0,0,0,0,0,0,0,0,0,0,0,1,1,0,0,0,0,0,0,0,0,0,1,1,2,1,1,1,1,1,1,1,1,1,1,2,2,2,0,0,0,0,0,0,0,0,0,0,0,0,0,0,0,0,0,0,1,1,1,0,0,0,0,0,0,0,0,0,0,0,1,1,1,0,0,0,0,1,0,0,0,0,0,0,0,0,0,0,0,0
Flushing,Queens,neighborhood,28,25,18,16,13,8,13,9,9,9,7,15,19,18,19,23,35,34,39,43,44,55,40,25,29,28,24,27,32,32,55,42,40,28,30,28,33,30,37,40,31,34,32,44,43,32,36,40,46,49,56,62,67,76,71,62,70,76,68,76,87,86,83,87,82,82,108,114,122,106,117,112,95,86,124,96,86,116,122,136,132,113,98,103,132,146,200,215,265,354,384,198,149,148,132,146,135,146,158,151,162,161,190,184
Fordham,Bronx,neighborhood,0,0,0,0,0,0,1,1,0,0,0,0,0,0,0,0,0,0,0,0,0,0,2,2,2,2,2,2,1,4,3,4,6,12,13,5,2,2,1,1,1,3,2,2,3,6,6,4,8,9,2,2,9,6,8,7,9,9,13,27,17,24,19,11,13,26,22,20,25,42,38,34,28,23,32,28,34,31,31,29,30,36,47,35,47,50,48,51,50,48,31,15,26,25,22,20,21,38,30,37,41,39,50,63
Forest Hills,Queens,neighborhood,83,71,81,84,61,60,57,53,65,68,76,71,66,64,85,92,103,87,84,79,76,105,92,88,78,73,113,101,92,75,100,91,92,91,89,89,97,102,102,101,99,82,81,87,86,119,140,124,137,125,144,229,283,215,244,197,199,259,251,221,228,263,290,285,291,280,292,303,313,317,318,283,247,229,241,230,246,278,269,268,275,289,273,265,316,337,406,409,448,484,526,327,328,318,268,267,285,258,304,320,340,388,391,355
Fort Greene,Brooklyn,neighborhood,101,109,101,103,86,72,81,76,67,64,76,74,81,68,65,80,91,93,90,86,82,102,89,57,65,72,77,92,90,108,122,105,78,71,78,77,83,96,91,95,114,109,134,134,138,127,147,168,191,210,184,157,192,225,242,260,269,245,204,198,211,272,264,287,289,285,317,343,315,310,264,246,231,238,276,276,295,297,333,361,382,365,373,356,420,377,389,384,457,513,499,383,341,320,260,206,193,223,222,220,247,265,271,257
Fresh Meadows,Queens,neighborhood,0,0,0,0,0,0,0,0,0,0,0,0,0,0,0,0,0,0,0,1,2,1,0,1,0,0,0,1,1,1,0,0,0,0,0,0,4,4,5,5,2,0,0,0,1,0,0,1,1,2,3,6,4,5,8,6,3,3,1,4,5,2,3,6,5,3,4,4,5,4,5,2,2,2,2,1,3,5,5,3,3,2,4,2,6,10,12,13,16,10,11,4,2,2,2,0,1,3,3,2,2,3,2,3
Gerritsen Beach,Brooklyn,neighborhood,0,0,0,0,0,0,0,1,1,0,0,0,0,0,0,0,0,0,0,0,0,0,0,0,0,0,0,0,0,0,0,0,0,0,0,0,0,0,0,0,0,0,0,0,0,0,0,0,0,0,0,0,1,2,2,0,1,1,0,0,0,0,0,0,0,0,0,0,0,0,0,0,0,0,0,0,0,0,0,1,1,1,1,1,0,2,2,2,0,1,2,1,2,3,3,3,7,6,5,4,2,2,2,1
Glen Oaks,Queens,neighborhood,1,0,0,0,0,0,0,0,0,0,0,1,1,1,1,1,2,6,8,4,3,6,9,8,5,3,2,1,2,6,10,4,5,10,6,1,1,1,1,0,1,1,1,1,5,8,10,9,10,13,11,12,5,5,6,7,4,6,5,5,6,6,4,4,7,7,5,3,3,5,7,4,2,3,4,3,5,6,6,5,3,7,9,8,9,6,4,5,2,3,2,0,3,3,3,5,8,6,9,6,1,4,2,7
Glendale,Queens,neighborhood,1,1,1,1,0,0,0,0,1,2,3,4,3,3,0,0,0,0,3,3,1,3,4,4,4,4,6,3,8,11,11,12,13,15,14,14,16,11,8,5,6,8,12,9,12,13,10,8,10,15,10,11,13,11,16,11,8,16,21,20,22,24,37,34,28,29,33,23,29,28,27,27,37,40,43,37,39,31,31,26,31,53,52,43,43,49,64,69,71,72,66,34,37,40,35,25,33,51,52,56,49,47,61,53
Gowanus,Brooklyn,neighborhood,9,13,9,9,11,8,8,6,8,13,17,18,26,29,17,18,33,23,28,15,15,12,17,10,5,4,10,10,12,19,23,27,21,21,24,31,36,42,39,42,51,53,53,46,46,61,81,72,79,69,58,74,91,115,131,122,102,144,155,118,116,105,124,109,105,111,116,115,108,107,97,86,82,86,120,125,124,126,100,113,122,112,112,99,121,112,126,144,147,173,191,185,160,153,156,141,136,145,142,136,171,171,162,140
Gramercy Park,Manhattan,neighborhood,239,250,271,279,256,262,239,213,203,182,175,161,185,167,188,213,190,219,230,199,182,168,164,182,199,200,209,262,299,279,324,321,270,226,224,234,266,270,279,316,356,313,383,366,296,284,269,272,309,308,334,336,356,379,416,372,336,348,333,288,306,321,386,417,460,461,475,443,372,334,309,306,305,341,356,395,419,493,509,561,458,436,444,424,419,424,463,499,535,562,565,464,386,389,316,306,316,309,342,398,460,482,507,452
Gravesend,Brooklyn,neighborhood,6,10,11,12,6,3,7,5,7,11,12,11,15,20,11,8,9,10,14,18,13,14,11,15,11,11,6,6,13,12,10,13,16,41,43,27,56,44,50,33,37,43,35,29,29,36,29,33,27,32,41,51,48,41,37,31,35,34,32,46,49,39,57,81,75,67,53,55,69,130,85,80,85,50,63,57,60,56,66,60,72,73,64,82,110,106,115,92,110,125,115,54,49,48,49,46,58,64,77,75,86,70,79,93
Greenpoint,Brooklyn,neighborhood,101,86,90,75,61,60,44,32,36,71,67,72,65,58,45,54,69,69,70,61,57,62,64,69,63,73,93,84,99,83,95,91,90,80,83,101,123,126,134,144,125,139,157,165,178,173,169,220,229,207,240,263,275,286,336,358,349,335,327,344,370,433,461,521,681,672,627,632,580,525,436,370,355,356,384,430,503,569,600,611,555,483,442,431,550,603,684,690,664,631,637,540,578,568,495,447,520,464,504,563,658,646,687,707
Greenwich Village,Manhattan,neighborhood,401,428,461,515,549,558,486,459,309,293,331,389,384,341,379,331,335,389,357,325,260,290,286,296,317,286,332,337,425,449,467,426,346,357,331,366,399,404,431,491,491,511,556,530,511,433,369,353,370,371,408,450,504,508,552,518,476,404,383,364,393,356,399,475,486,532,568,542,480,460,400,416,445,451,500,509,539,564,613,634,592,578,520,471,517,481,539,534,594,635,616,571,501,507,445,386,433,409,422,483,497,514,574,484
Greenwood,Brooklyn,neighborhood,28,23,16,17,21,22,11,15,11,12,15,12,17,38,25,22,18,28,28,28,14,15,19,13,16,13,20,21,28,34,27,18,16,20,18,22,28,24,20,25,32,33,43,48,51,66,66,68,92,98,92,83,119,106,129,121,111,110,91,101,125,122,124,109,126,157,163,164,154,154,141,120,115,119,114,117,132,178,183,202,186,164,151,141,130,136,166,179,237,252,282,263,210,316,179,159,160,143,162,191,251,329,300,321
Hamilton Heights,Manhattan,neighborhood,91,100,90,87,102,92,85,86,80,85,74,81,84,90,90,85,110,110,108,104,124,117,109,99,95,125,130,130,119,100,162,160,149,148,122,117,137,107,143,190,210,213,201,178,182,168,161,182,206,222,221,222,250,253,282,283,233,245,285,298,326,296,304,293,293,291,343,297,266,267,271,275,296,308,310,330,322,357,370,361,327,318,317,317,358,373,400,378,415,413,414,328,293,323,279,227,254,243,272,315,319,356,431,390
Highbridge,Bronx,neighborhood,1,5,17,5,1,0,0,0,0,0,0,1,1,0,0,0,2,2,1,3,5,5,7,4,6,4,5,7,7,6,4,3,5,9,9,7,8,9,10,6,6,5,8,4,2,4,7,6,7,5,7,6,7,5,5,8,14,13,12,13,21,15,13,10,9,11,15,16,19,16,16,16,14,11,7,11,15,16,20,16,18,15,18,17,21,27,21,14,18,36,31,24,12,17,14,15,14,11,13,14,17,19,27,27
Hillcrest,Queens,neighborhood,1,1,0,0,0,0,0,0,0,0,0,0,0,0,0,0,0,0,1,0,0,0,0,0,0,0,0,0,0,1,4,3,1,0,1,1,0,0,0,0,0,0,0,0,1,1,1,1,1,1,1,2,1,2,0,1,1,1,1,1,2,2,2,3,2,2,1,0,1,3,2,2,1,1,6,4,5,4,3,4,4,4,6,7,6,6,11,18,13,24,28,9,4,2,4,3,2,4,5,13,10,7,9,11
Hollis,Queens,neighborhood,0,0,0,0,0,0,0,0,0,0,0,0,0,0,0,0,0,0,0,0,0,0,0,0,0,0,0,0,0,0,0,0,0,0,0,0,0,0,0,0,0,0,0,1,1,2,2,1,1,0,0,2,2,0,1,1,0,0,1,1,4,7,2,2,4,3,3,1,0,2,1,1,1,0,3,5,5,2,0,2,2,4,2,0,2,5,4,4,2,3,3,3,2,3,1,2,4,6,2,1,2,3,4,2
Howard Beach,Queens,neighborhood,3,2,2,3,3,2,0,0,0,0,0,0,0,0,0,0,0,0,0,0,1,1,0,2,0,0,2,0,0,0,0,0,0,1,1,2,1,3,0,0,0,0,1,1,4,3,2,2,3,1,2,2,2,1,4,1,0,3,3,2,1,1,1,1,1,0,1,1,7,26,20,6,6,1,1,2,2,3,5,3,5,7,6,4,7,4,3,5,7,11,13,7,8,12,6,4,5,4,11,7,6,3,9,9
Hunts Point,Bronx,neighborhood,0,0,0,0,0,0,0,0,0,0,0,0,0,0,0,0,0,0,0,0,0,1,1,0,0,0,0,0,0,0,0,1,1,1,1,1,1,1,0,0,0,0,2,2,0,0,0,0,0,0,0,0,0,0,0,0,1,1,0,0,1,2,3,3,3,2,1,2,4,8,6,6,4,2,2,1,2,2,2,2,2,1,3,5,5,6,3,7,9,11,12,3,1,5,10,6,11,9,7,7,5,5,6,4
Inwood,Manhattan,neighborhood,17,19,25,27,24,31,28,19,23,27,29,33,27,19,22,19,26,29,23,24,19,28,35,32,29,31,32,36,36,51,51,55,44,56,42,37,38,41,41,36,32,30,28,37,35,61,60,51,59,74,88,105,78,67,96,99,106,125,97,104,124,129,148,115,107,105,124,117,103,103,120,122,125,126,134,121,105,130,144,132,118,144,156,137,165,158,184,169,187,211,210,161,122,120,145,119,139,149,145,168,188,166,187,189
Jackson Heights,Queens,neighborhood,12,10,11,9,7,12,11,8,9,9,8,13,9,9,13,15,22,27,17,18,12,9,18,19,22,17,11,15,17,17,19,17,15,17,20,20,32,18,22,31,28,16,20,21,18,27,32,37,44,61,73,71,59,56,53,45,49,85,105,123,145,133,150,162,112,93,99,105,111,104,93,82,94,109,124,88,80,68,64,75,95,121,110,101,132,165,189,193,220,208,187,104,125,149,125,129,143,158,152,148,149,138,129,139
Jamaica,Queens,neighborhood,1,1,1,0,0,0,0,0,0,0,0,0,7,9,5,5,4,4,4,4,3,3,2,2,14,14,14,14,14,17,18,3,2,3,2,1,0,3,4,10,17,16,13,11,12,13,13,8,6,7,9,5,6,3,4,7,13,16,18,21,13,8,9,7,9,11,14,18,12,8,12,7,12,12,13,10,8,6,4,24,27,24,29,26,31,39,55,38,32,47,42,10,10,20,32,39,23,20,25,22,28,32,28,17
Jamaica Estates,Queens,neighborhood,1,1,0,0,0,0,0,1,1,1,0,1,4,4,3,3,2,1,2,5,6,7,5,3,2,1,1,1,2,2,1,0,0,1,1,1,3,4,3,3,4,2,2,5,3,2,7,6,7,9,9,5,7,7,10,11,12,9,19,13,12,8,10,9,14,21,20,12,15,22,24,20,21,21,26,25,27,22,22,27,31,32,41,38,26,23,24,13,28,33,28,10,10,14,17,14,17,23,20,17,22,27,35,38
Jamaica Hills,Queens,neighborhood,0,0,0,0,0,0,1,2,1,1,0,1,1,1,1,2,2,2,2,2,3,3,3,1,1,1,1,4,4,3,2,2,2,1,1,1,1,2,2,1,1,2,1,0,0,0,0,0,1,1,0,0,0,2,3,3,2,3,5,4,5,4,0,1,3,5,6,2,3,3,2,2,3,7,3,1,0,4,7,8,8,6,5,10,15,10,10,13,12,9,13,5,3,1,0,0,2,8,9,4,9,13,11,8
Kensington,Brooklyn,neighborhood,19,19,15,11,7,9,9,11,16,16,21,15,9,19,29,19,26,26,21,17,15,14,16,21,19,20,21,29,27,20,26,27,32,25,20,26,34,32,21,17,26,32,35,31,45,77,69,57,69,60,67,65,77,84,89,92,96,112,126,145,149,142,136,122,124,167,158,161,176,184,156,138,137,123,150,158,151,155,155,144,152,151,144,131,154,175,203,189,211,268,272,205,183,200,221,198,194,188,197,212,220,203,236,222
Kew Gardens,Queens,neighborhood,13,20,18,18,14,15,14,11,9,11,9,7,9,14,13,11,14,10,9,13,13,18,16,6,10,12,12,28,30,34,35,36,37,47,36,32,29,29,29,31,31,34,38,35,42,56,63,60,59,58,68,62,65,93,111,77,71,71,88,86,80,90,108,108,111,104,104,103,115,131,140,133,119,103,103,100,104,88,115,124,105,101,105,101,106,126,161,148,194,225,207,92,96,109,98,89,100,96,100,125,140,151,154,156
Kew Gardens Hills,Queens,neighborhood,9,5,5,3,1,4,6,6,10,8,5,4,5,5,5,6,5,7,7,7,3,6,5,6,6,6,10,11,10,10,6,7,8,7,5,10,7,7,5,11,11,7,7,5,7,13,11,12,11,13,11,13,13,13,11,10,16,17,17,20,20,39,49,36,29,26,27,30,26,24,31,32,28,27,39,44,38,68,65,19,24,29,34,28,49,52,48,49,52,61,75,47,38,45,41,47,47,38,39,33,35,34,44,60
Kingsbridge,Bronx,neighborhood,12,11,15,15,11,11,3,4,7,6,3,2,6,5,6,8,8,6,10,7,2,3,2,4,4,30,33,26,11,4,9,11,15,24,18,15,16,15,15,16,15,16,14,18,21,21,25,27,13,19,24,21,19,19,27,31,42,37,42,45,49,54,73,55,43,44,57,44,38,41,42,64,76,92,90,54,63,60,61,92,82,71,68,64,61,62,69,55,50,67,70,54,65,63,63,43,42,39,45,51,67,74,71,97
Laconia,Bronx,neighborhood,0,0,0,0,0,1,2,1,0,0,0,0,0,0,0,0,0,0,0,1,1,1,1,1,2,1,0,2,1,1,1,0,0,0,0,0,0,0,0,0,1,1,0,0,2,0,0,0,1,2,2,1,1,0,0,0,0,0,0,1,0,0,0,0,0,1,1,1,1,1,0,1,1,0,0,0,0,0,0,0,1,1,0,2,1,1,1,2,1,1,0,0,0,0,0,0,1,0,0,0,0,1,1,1
Laurelton,Queens,neighborhood,0,0,0,0,0,0,0,0,0,0,0,0,0,0,0,0,0,0,0,0,0,0,0,0,0,0,0,0,0,0,0,0,0,0,0,0,0,0,0,0,0,0,0,1,0,0,0,0,0,0,0,0,0,0,0,1,0,0,0,0,0,0,0,0,0,0,0,1,3,2,1,0,0,1,1,1,0,0,1,1,1,1,1,0,0,0,0,2,3,5,5,2,0,0,0,3,4,3,5,1,1,1,1,5
Little Italy,Manhattan,neighborhood,75,84,81,73,64,64,57,55,39,57,67,70,66,72,78,62,47,42,61,57,36,25,31,28,39,38,38,36,38,45,43,70,43,36,41,46,55,55,47,47,44,49,52,40,34,37,34,42,56,58,69,72,78,66,62,63,58,55,60,61,63,56,62,72,58,60,83,82,54,66,68,81,70,95,92,93,95,107,91,104,78,77,96,102,107,93,92,93,106,121,141,108,80,64,46,57,51,50,53,57,92,89,113,125
Little Neck,Queens,neighborhood,1,1,1,0,1,1,1,1,1,1,1,1,1,1,1,0,0,0,0,0,0,0,1,1,1,1,1,2,2,3,2,4,5,3,2,3,6,7,8,6,7,7,5,2,2,2,2,2,0,0,0,0,0,5,4,5,7,8,5,4,5,4,3,7,6,1,1,2,2,4,4,4,3,2,4,5,5,5,7,4,5,8,5,4,5,6,5,6,6,13,16,1,1,1,1,2,0,0,1,1,4,3,4,4
Long Island City,Queens,neighborhood,109,123,144,144,98,111,110,109,122,118,95,80,56,77,71,73,98,114,90,97,95,78,84,70,93,451,477,388,554,497,459,329,208,177,116,135,168,172,173,177,163,230,303,394,457,482,450,332,368,331,325,902,770,1028,652,610,448,403,367,386,327,334,393,447,460,639,567,628,606,616,592,511,493,499,549,628,730,674,724,810,727,646,639,577,578,501,638,593,668,690,694,724,734,841,788,686,668,616,760,740,721,757,679,678
Longwood,Bronx,neighborhood,0,0,0,0,0,0,9,9,0,0,0,0,0,0,0,0,0,0,0,2,3,6,5,5,2,1,1,1,2,2,2,1,0,0,0,0,0,0,0,1,1,0,0,0,0,0,0,1,2,1,1,1,1,1,1,1,1,1,0,0,2,3,2,1,1,1,1,2,2,4,4,4,5,3,4,6,5,6,2,2,1,1,2,1,1,8,15,12,9,10,8,5,4,3,1,2,1,2,3,0,2,7,20,16
Lower East Side,Manhattan,neighborhood,233,294,285,276,248,262,232,224,164,164,132,115,126,128,171,235,330,360,371,363,268,213,253,287,337,316,203,223,289,301,292,289,240,246,221,218,286,292,303,367,387,368,425,398,321,343,307,298,304,317,352,368,440,467,518,564,530,449,402,364,383,371,466,461,449,533,509,510,459,448,411,403,448,458,483,517,547,546,592,611,539,519,514,478,512,485,593,656,770,780,754,594,519,503,432,371,404,404,533,632,661,685,750,727
Manhattan,Manhattan,borough,12951,13484,13663,13945,13207,13617,12940,12213,10739,10549,10235,10132,10424,10205,11114,10916,11542,12140,12040,12222,10988,10803,10385,9800,10757,11108,12042,12360,13294,14018,14859,14548,12773,12749,12281,11955,13380,13413,14477,16053,16808,16877,18031,17911,16558,17512,16134,15689,16490,16902,18454,19689,21238,21167,21991,21428,20138,19683,18129,17744,18922,18323,20229,21252,22111,23543,24379,23116,20859,20588,19235,18581,19412,19748,21039,21697,23153,24791,25221,25884,23375,22670,21872,20170,21842,21090,23038,23180,25700,27198,26744,22956,20836,20785,18250,16415,17579,16998,18315,19792,21787,22560,23523,22947
Manhattan Beach,Brooklyn,neighborhood,0,0,0,0,2,2,2,2,2,0,0,0,0,0,0,0,0,0,0,0,0,0,0,2,3,2,1,1,1,0,3,3,3,3,3,3,3,0,0,1,1,2,2,1,0,2,1,0,0,0,0,0,0,1,0,1,2,2,1,2,1,1,2,1,1,2,6,8,8,6,10,10,9,8,7,8,11,5,3,4,7,6,5,5,9,11,6,4,9,7,7,4,2,2,2,0,1,3,2,3,3,4,0,2
Manhattanville,Manhattan,neighborhood,0,0,7,6,1,5,6,2,1,0,0,0,2,2,1,1,2,1,0,1,1,1,1,1,1,1,5,3,2,4,3,2,2,1,1,0,1,1,1,2,1,0,1,1,5,5,8,3,6,4,0,1,4,4,6,4,6,2,2,3,3,6,7,8,1,1,10,16,4,3,6,7,5,11,12,9,5,4,6,7,6,2,2,2,3,3,4,4,1,3,3,3,7,5,17,8,6,15,15,11,26,23,31,35
Marble Hill,Manhattan,neighborhood,0,0,0,1,1,0,0,0,0,0,0,0,0,0,0,0,0,0,0,0,0,0,0,0,0,1,1,1,0,0,0,0,1,1,1,1,2,5,3,3,2,1,1,2,3,5,5,4,3,4,2,1,3,6,4,7,7,7,7,9,9,7,7,7,6,10,6,6,4,2,3,4,2,4,3,0,0,0,2,5,4,6,7,2,4,3,5,5,4,4,13,19,11,8,4,5,6,11,9,13,9,7,13,16
Marine Park,Brooklyn,neighborhood,0,0,0,0,0,0,1,1,0,1,0,0,0,6,6,5,5,5,4,5,4,4,3,3,1,1,1,0,0,0,0,0,1,1,1,2,3,3,3,2,3,2,0,0,0,4,3,3,4,2,2,2,2,4,1,3,3,6,6,8,8,6,7,13,14,12,10,14,14,8,9,19,8,4,10,9,13,11,9,12,11,8,9,12,14,10,8,9,12,17,16,12,5,6,10,14,10,11,7,8,5,6,8,10
Maspeth,Queens,neighborhood,1,1,2,2,4,2,1,1,4,5,4,7,6,6,10,8,8,5,6,6,6,5,9,8,8,7,6,7,5,8,10,8,7,7,12,8,11,13,10,8,8,4,3,6,5,2,8,8,12,17,16,8,12,13,14,18,14,17,14,17,32,41,59,37,27,41,39,19,22,44,54,48,45,30,31,49,51,37,33,41,51,55,48,55,66,76,73,64,91,105,104,75,62,51,58,48,62,65,47,52,60,63,44,61
Melrose,Bronx,neighborhood,0,0,0,1,1,4,4,1,1,1,0,0,0,0,0,0,0,0,0,1,11,17,20,16,5,2,1,1,1,1,1,0,0,0,0,0,0,0,0,0,0,0,0,0,1,1,4,3,3,2,1,1,2,4,4,2,3,3,2,3,1,3,3,4,3,1,2,3,3,2,4,2,5,5,4,4,3,4,2,6,8,4,1,2,5,9,9,12,12,14,17,10,8,10,12,8,8,9,7,6,11,24,8,18
Middle Village,Queens,neighborhood,1,2,2,1,0,0,0,0,0,0,0,0,0,0,1,1,0,0,0,0,1,0,0,0,0,0,0,0,0,0,0,0,0,0,0,0,0,0,0,0,0,1,1,0,0,0,1,1,4,4,2,2,4,9,8,4,4,6,9,4,4,5,8,19,19,17,17,15,12,12,14,14,9,9,11,10,7,4,7,9,14,19,17,11,14,12,14,13,16,19,18,12,8,7,11,8,7,9,8,9,10,18,14,15
Midtown,Manhattan,neighborhood,508,472,424,450,411,375,368,401,389,395,371,393,382,366,381,361,391,400,366,365,352,325,306,310,338,365,381,427,444,443,443,425,419,404,388,384,416,383,415,440,476,453,504,478,456,448,423,399,421,438,486,522,518,480,546,534,511,548,537,548,548,563,587,588,553,575,574,590,582,619,561,578,606,625,663,658,648,659,635,644,632,654,630,539,593,520,593,586,635,628,573,505,459,499,488,456,490,415,460,480,505,516,504,533
Midtown East,Manhattan,neighborhood,1519,1651,1710,1773,1607,1557,1468,1513,1304,1197,1130,1124,1159,1185,1297,1347,1439,1421,1317,1357,1277,1246,1203,1111,1187,1290,1334,1329,1374,1411,1558,1539,1376,1348,1279,1238,1386,1431,1577,1673,1705,1700,1849,1760,1669,1801,1674,1636,1760,1785,1973,2032,2038,2000,2184,2132,2045,1963,1758,1778,1866,1869,1986,2097,2139,2236,2283,2239,2124,2042,1884,1852,1969,1936,2065,2142,2311,2451,2455,2663,2298,2322,2184,1969,2198,2201,2441,2525,2751,2905,2804,2421,2280,2337,2045,1877,1884,1875,2009,2132,2437,2337,2460,2378
Midtown South,Manhattan,neighborhood,200,215,225,234,225,215,221,220,198,188,174,156,155,167,179,176,192,181,168,196,203,201,210,184,204,223,238,216,214,213,218,222,218,226,219,209,221,233,248,256,275,294,319,322,302,315,292,289,322,316,332,344,340,346,394,389,390,422,398,417,441,460,475,494,511,511,535,499,496,509,494,478,504,516,536,545,575,622,621,594,553,603,599,615,643,618,640,636,697,730,690,619,581,636,289,295,264,262,329,313,333,336,379,332
Midtown West,Manhattan,neighborhood,774,826,817,896,827,896,911,715,640,682,668,618,626,648,660,688,752,773,740,805,736,711,740,692,767,779,849,816,849,949,971,963,871,845,889,843,934,954,1017,1123,1126,1133,1187,1251,1085,1121,1069,1101,1188,1164,1266,1259,1397,1342,1407,1461,1358,1471,1349,1308,1366,1434,1513,1608,1485,1670,1660,1663,1504,1552,1541,1477,1513,1529,1644,1640,1665,1813,1812,1896,1768,1670,1702,1560,1719,1638,1810,1796,1949,1917,1925,1736,1487,1532,1446,1376,1460,1433,1470,1563,1647,1709,1686,1743
Midwood,Brooklyn,neighborhood,9,8,10,10,7,7,8,7,5,6,8,7,7,13,22,17,24,17,18,27,21,23,21,25,21,22,17,16,20,31,33,31,22,37,30,24,30,38,34,38,30,21,28,29,36,37,42,38,42,39,47,45,55,68,71,92,84,69,56,73,67,63,73,71,74,104,114,118,111,119,99,99,79,88,101,115,122,107,95,113,128,101,99,88,111,136,171,164,209,186,167,91,113,138,146,145,146,138,149,133,164,176,202,175
Mill Basin,Brooklyn,neighborhood,0,0,0,0,0,0,0,0,0,0,0,0,0,0,0,0,0,0,0,0,0,0,0,0,0,0,1,1,2,2,2,2,1,1,1,0,0,0,1,1,1,0,0,3,3,5,4,0,0,0,0,0,0,4,5,5,5,8,7,3,2,3,2,1,0,1,3,0,1,1,1,1,2,2,2,1,3,1,0,0,0,0,1,2,2,4,4,5,3,4,2,0,0,1,3,5,3,6,4,2,2,2,5,11
Morningside Heights,Manhattan,neighborhood,47,56,67,65,43,44,50,35,27,31,30,27,31,34,42,40,49,44,39,49,31,33,32,27,20,35,43,61,64,76,95,89,44,36,32,39,47,46,54,57,62,78,115,116,67,56,56,56,83,62,74,100,149,136,155,132,97,95,89,90,94,91,98,134,139,161,179,177,150,126,122,112,118,110,118,130,160,185,201,219,183,178,167,147,154,130,115,125,153,209,216,180,175,165,125,96,117,101,110,115,144,190,201,183
Morris Heights,Bronx,neighborhood,0,0,0,0,0,0,0,1,1,0,0,0,0,0,0,0,0,0,0,0,0,0,1,0,0,0,0,0,0,0,0,2,1,1,1,1,0,0,0,0,1,1,0,0,0,0,1,1,2,1,1,3,5,4,9,13,14,20,17,22,23,22,16,14,10,11,6,10,17,12,7,4,12,20,25,11,11,9,7,16,19,13,14,13,10,12,18,11,11,15,12,21,16,21,17,9,6,5,7,6,7,8,12,18
Morris Park,Bronx,neighborhood,3,3,2,2,2,4,5,5,4,9,5,4,4,3,2,1,3,3,2,3,4,7,6,8,9,3,4,3,4,4,5,5,3,5,4,4,3,3,3,3,3,3,5,8,6,5,4,8,7,9,18,22,20,15,30,51,48,52,53,36,40,48,60,68,51,69,58,38,23,19,26,53,87,87,75,76,66,54,41,52,51,46,45,33,35,24,38,47,54,49,34,28,37,51,45,42,40,32,33,33,53,51,47,38
Morrisania,Bronx,neighborhood,0,0,0,0,0,0,0,0,1,1,1,1,0,1,1,2,2,2,0,0,0,0,0,0,0,0,0,0,0,0,0,0,0,1,2,2,1,2,2,0,1,1,0,0,0,1,0,2,3,2,1,0,0,0,0,1,8,6,2,1,2,1,3,11,11,5,5,3,8,7,6,4,8,5,4,2,3,4,2,5,12,16,7,6,7,5,3,6,4,2,2,3,6,5,4,9,12,3,2,4,6,8,8,10
Mott Haven,Bronx,neighborhood,5,6,6,5,11,6,7,9,6,8,8,10,11,5,4,14,19,21,7,6,6,6,3,2,2,2,3,2,5,9,9,8,6,3,5,3,3,3,5,15,12,15,17,17,8,4,4,9,11,11,12,9,14,17,23,19,26,15,16,20,29,38,52,54,52,31,28,18,24,34,33,30,30,24,34,36,33,42,62,71,62,50,46,46,63,68,48,47,47,49,54,47,42,49,57,39,47,59,57,56,77,81,80,115
NYC,NYC,city,15517,16058,16315,16530,15574,15925,15157,14395,12736,12630,12420,12258,12729,12627,13548,13303,14269,14917,14845,14874,13348,13180,12727,12174,13245,14096,15214,15559,16884,17827,18813,18257,16235,16399,15792,15391,17162,17184,18272,20229,21262,21457,23465,23794,22371,24231,22946,22708,24113,24492,26627,29233,31529,32092,33798,33848,32234,31843,30591,30098,31721,31602,34433,35846,37617,40557,41881,40700,36831,36208,33530,31758,33019,33197,35629,36709,39801,42324,43426,45152,41672,40070,39258,36319,40687,40214,44944,44887,50093,54177,53543,42419,39168,39854,35790,31933,34532,33837,36631,38914,43513,45431,47640,47639
New Hyde Park,Queens,neighborhood,0,0,0,0,0,0,0,0,0,0,0,0,1,1,1,0,0,0,0,0,0,0,0,0,0,0,0,0,1,2,1,1,1,0,0,0,0,0,0,0,0,0,0,0,0,0,0,0,0,0,0,0,0,0,0,0,0,0,0,0,0,0,0,0,0,0,1,1,0,0,0,0,0,1,0,0,0,0,0,0,0,0,0,0,0,0,0,0,0,0,0,0,0,0,0,1,1,0,0,0,0,0,0,0
Nolita,Manhattan,neighborhood,90,114,121,132,108,124,133,107,80,49,41,30,53,55,68,67,85,91,93,89,46,46,51,66,66,71,82,82,106,126,145,103,96,84,91,76,79,106,118,145,135,149,199,165,163,309,109,103,138,132,138,154,175,181,207,202,187,146,86,107,111,107,117,124,167,178,204,187,139,137,110,110,113,124,148,158,155,181,192,216,184,152,138,144,151,129,163,171,195,215,233,182,173,143,149,151,162,168,167,155,177,207,225,197
North Brooklyn,Brooklyn,submarket,418,401,432,391,343,363,352,337,272,291,285,243,240,287,298,287,344,357,345,321,351,353,343,472,417,446,464,475,526,518,568,630,737,741,713,726,727,681,645,718,682,768,1000,1126,1113,1168,1095,1399,1471,1215,1279,1372,1466,1535,1836,1934,1679,1581,1753,1772,1945,2027,2065,2077,2252,2466,2704,2764,2272,2067,1845,1687,1976,1877,2013,2096,2561,2694,2762,2869,2514,2189,2115,1928,2378,2421,2661,2665,2995,3157,3178,2796,2507,2443,2007,1826,2049,2024,2282,2608,3133,3455,4044,4415
North Corona,Queens,neighborhood,1,1,1,1,0,0,0,0,0,0,0,0,1,1,1,1,4,6,4,0,0,2,3,0,0,1,1,1,3,5,9,4,3,3,4,6,2,2,2,3,3,2,2,1,2,3,5,4,4,5,9,9,10,11,7,6,3,6,7,7,10,15,17,9,8,14,15,6,3,11,16,8,10,15,8,5,7,7,5,3,3,3,3,3,4,6,8,12,12,14,12,7,7,11,12,8,14,17,10,10,10,13,12,15
Northeast Queens,Queens,submarket,98,99,84,65,53,48,48,40,45,41,34,59,62,64,65,72,103,105,108,111,103,121,109,82,92,90,90,110,137,143,179,167,155,150,142,136,134,133,141,147,136,128,135,141,156,171,190,204,204,204,239,256,257,298,309,278,287,286,290,322,350,362,396,393,390,381,409,410,402,458,443,397,382,377,465,446,437,455,480,458,444,459,472,421,511,558,646,644,766,1013,1089,534,469,472,437,454,446,433,455,460,491,516,591,601
Northwest Brooklyn,Brooklyn,submarket,644,663,694,679,627,580,546,540,505,491,565,497,532,517,551,561,663,682,741,665,547,518,528,493,541,565,628,668,733,864,794,731,660,643,637,637,668,693,667,774,926,918,1079,1152,1126,1184,1136,1205,1293,1319,1343,1411,1518,1832,2000,2103,2136,1988,1827,1772,1881,1875,1914,1915,1958,2096,2140,2272,2129,2094,1877,1807,1969,1838,1959,2083,2261,2414,2457,2556,2488,2329,2319,2195,2471,2378,2580,2599,2865,3161,3123,2690,2461,2506,2081,1829,1967,1921,2094,2050,2220,2203,2276,2167
Northwest Queens,Queens,submarket,272,304,330,299,211,227,222,204,213,212,180,161,140,148,161,181,256,272,219,219,180,174,163,159,211,565,602,548,745,691,641,496,377,350,293,322,409,427,467,500,528,616,739,749,812,952,969,876,974,1020,1147,1883,1858,2009,1596,1598,1437,1407,1568,1639,1416,1574,1752,1814,2080,2355,1934,1878,1826,2023,1968,1746,1685,1798,1963,2112,2263,2233,2247,2367,2339,2368,2372,2268,2737,2872,3287,3136,3368,3655,3521,2488,2615,2812,2590,2289,2552,2647,3013,2922,3152,3232,2975,2801
Norwood,Bronx,neighborhood,1,1,0,1,0,0,1,2,2,1,1,1,1,1,3,2,2,2,4,3,1,0,2,3,3,2,4,7,4,5,4,2,5,5,6,8,7,9,6,11,7,6,7,8,10,12,12,9,9,11,13,4,3,7,15,19,15,14,18,24,32,30,32,33,47,48,74,74,58,90,79,69,69,55,54,46,40,45,53,54,56,55,55,46,48,40,41,39,34,49,35,25,24,20,27,33,24,17,15,11,19,32,37,30
Oakland Gardens,Queens,neighborhood,0,0,0,0,0,0,0,0,0,0,0,0,0,0,0,1,1,1,1,1,1,1,1,1,4,3,1,2,2,2,5,5,4,3,3,3,5,4,4,4,4,1,2,2,3,2,2,4,4,4,6,6,7,6,5,9,4,3,4,7,12,10,10,15,18,19,14,15,13,15,11,9,7,8,12,12,14,13,18,18,13,19,23,14,13,11,12,13,18,23,26,23,10,13,10,10,8,7,6,1,3,10,13,10
Ocean Parkway,Brooklyn,neighborhood,3,5,4,4,2,3,5,5,3,5,6,6,8,12,13,10,9,10,11,10,13,13,10,15,11,15,15,10,11,11,12,14,7,5,8,14,17,14,19,17,14,10,17,20,17,15,15,9,8,15,21,18,16,31,32,32,38,27,26,24,20,29,21,30,33,27,29,42,43,33,31,31,32,27,28,29,31,29,21,22,16,19,33,44,66,97,99,84,84,95,76,48,46,43,46,47,41,51,54,58,60,59,60,76
Old Mill Basin,Brooklyn,neighborhood,0,0,0,0,0,0,0,0,0,0,0,0,0,0,0,0,0,0,0,0,0,0,0,0,0,0,0,0,0,0,1,0,1,1,0,0,0,1,1,0,1,2,3,1,2,1,6,2,0,0,0,0,0,0,0,1,0,0,0,0,0,0,0,1,1,0,0,0,2,9,4,5,2,1,4,1,1,2,5,4,4,4,3,3,2,4,0,0,0,0,0,0,0,0,0,1,3,7,8,3,3,1,1,0
Ozone Park,Queens,neighborhood,0,0,0,0,0,0,0,0,0,0,0,1,1,2,2,1,1,1,1,1,1,1,1,0,0,0,0,0,0,0,0,0,0,0,0,0,0,0,0,0,0,0,0,0,0,1,1,1,1,0,1,0,0,0,0,0,2,3,5,4,4,1,1,0,0,0,1,1,1,1,3,4,2,2,0,0,0,0,1,0,1,2,4,3,3,1,1,3,2,8,7,2,1,1,5,6,4,5,4,5,13,16,13,11
Park Slope,Brooklyn,neighborhood,220,206,203,203,215,216,199,185,155,171,167,173,193,171,195,181,190,217,247,199,138,119,126,140,160,175,183,180,226,261,262,229,229,252,235,241,249,236,239,292,363,372,409,430,396,462,450,453,495,469,488,599,721,724,758,815,821,936,868,810,894,879,938,938,972,1021,1082,1082,1037,908,813,745,761,774,889,932,957,989,1030,1062,990,1012,952,890,1037,1068,1189,1239,1313,1380,1322,1073,755,799,722,584,634,660,700,750,817,841,887,783
Parkchester,Bronx,neighborhood,1,1,1,1,0,2,2,0,0,3,3,3,3,11,9,10,14,12,4,5,6,6,7,7,6,5,5,9,5,5,4,4,4,4,4,5,7,7,7,11,9,12,8,7,11,17,13,6,8,4,3,2,1,1,28,32,30,37,41,32,17,19,16,11,12,16,12,25,27,17,13,15,13,10,8,5,4,7,15,16,22,30,38,41,33,15,18,18,22,27,25,24,20,25,16,17,14,13,13,8,14,16,23,20
Pelham Bay,Bronx,neighborhood,1,1,0,0,0,1,1,1,1,1,0,0,0,0,0,0,0,0,0,1,1,1,1,2,6,5,4,4,5,4,4,2,2,3,4,3,1,4,3,2,1,0,1,1,1,0,1,0,0,0,1,2,3,3,6,8,5,4,4,4,3,18,19,18,9,11,18,8,5,7,7,12,8,10,6,6,8,10,8,9,6,18,22,16,12,13,6,8,12,23,22,17,17,16,11,12,10,4,8,14,11,8,10,19
Pelham Gardens,Bronx,neighborhood,0,0,0,0,0,0,0,1,0,0,0,0,0,0,0,0,0,0,0,0,1,1,1,0,0,0,0,0,0,1,1,1,1,1,0,0,0,0,0,0,0,0,0,0,0,0,0,0,0,1,3,2,2,1,3,1,1,0,0,0,1,1,0,0,0,0,0,0,1,1,5,9,10,11,10,5,2,1,0,1,7,10,8,6,8,9,7,5,6,3,8,13,9,5,11,3,0,0,1,2,2,2,2,11
Pelham Parkway,Bronx,neighborhood,0,0,0,0,0,0,0,0,0,0,0,0,0,0,0,0,0,0,0,0,0,0,0,0,0,0,0,0,0,0,0,0,0,0,0,0,0,0,0,0,0,0,0,0,0,0,0,0,0,0,0,0,0,0,0,0,0,0,0,1,2,2,3,3,3,3,4,4,3,1,0,0,0,0,0,0,0,0,0,0,0,0,0,0,0,0,0,0,0,0,0,0,0,0,0,0,0,0,0,0,0,0,0,0
Pomonok,Queens,neighborhood,1,1,0,0,0,0,0,0,0,0,0,3,3,1,1,0,2,2,2,1,1,1,1,1,1,1,1,1,1,1,3,4,4,2,1,2,2,1,1,1,1,2,2,2,2,2,2,2,1,1,2,2,1,1,1,2,4,3,2,4,1,1,1,0,0,0,0,3,4,4,3,4,8,8,10,9,9,5,3,2,2,3,3,1,2,7,8,6,7,10,11,3,5,6,8,5,1,0,4,5,2,0,5,7
Port Morris,Bronx,neighborhood,0,0,0,0,2,2,2,2,2,0,0,0,0,0,0,0,0,0,0,0,0,0,0,0,0,0,0,0,0,0,0,0,0,0,0,0,0,0,0,0,0,0,0,0,0,0,0,0,0,0,0,0,0,0,0,0,0,0,0,0,0,0,0,0,0,0,0,0,0,0,2,2,2,2,1,0,0,0,0,1,2,2,3,2,3,5,6,1,1,1,1,1,3,4,9,4,6,5,9,6,8,3,1,3
Prospect Heights,Brooklyn,neighborhood,40,40,47,60,57,62,75,61,50,45,50,40,37,31,38,36,44,48,49,41,35,40,33,32,41,42,42,44,53,65,64,60,38,55,45,46,61,67,79,106,106,83,102,137,137,158,146,116,106,97,114,116,165,163,184,202,256,261,235,219,207,235,257,232,228,285,322,287,222,154,155,146,134,140,159,174,189,189,205,217,234,264,251,220,256,241,276,300,331,367,353,313,246,228,198,159,193,189,179,163,218,237,253,223
Prospect Lefferts Gardens,Brooklyn,neighborhood,11,8,9,10,10,11,7,9,10,8,12,15,17,17,16,18,19,21,19,19,18,18,22,22,26,24,27,28,25,25,34,37,32,29,24,20,24,21,20,31,31,29,39,54,46,49,28,36,46,60,75,89,88,106,115,136,127,150,179,193,199,224,246,252,262,253,227,251,201,151,136,119,127,161,154,151,163,179,262,338,349,311,326,295,318,274,310,259,275,313,326,235,208,236,295,260,288,316,303,349,399,402,315,301
Prospect Park,Brooklyn,submarket,291,278,276,294,303,309,305,288,237,253,271,259,283,259,284,264,283,314,340,284,208,196,197,220,253,264,279,277,324,381,410,378,341,383,349,346,399,382,378,472,550,540,609,694,644,752,715,688,748,715,797,924,1080,1120,1204,1312,1396,1547,1475,1399,1487,1549,1651,1633,1673,1806,1903,1869,1705,1435,1307,1189,1222,1293,1424,1470,1543,1609,1781,1927,1843,1843,1785,1637,1888,1857,2070,2088,2203,2359,2299,1869,1469,1532,1476,1265,1424,1500,1510,1582,1716,1792,1763,1643
Prospect Park South,Brooklyn,neighborhood,3,4,3,5,4,4,3,7,5,4,4,4,4,4,3,3,4,4,3,4,3,2,3,8,6,5,4,4,5,7,13,17,11,9,11,9,33,27,17,16,19,14,15,17,18,25,31,33,37,24,59,66,44,57,70,80,83,92,88,70,85,100,107,102,119,127,139,127,102,105,100,101,104,114,104,88,104,118,139,143,125,123,135,126,147,134,141,136,140,155,156,121,133,146,156,162,217,230,216,196,166,193,194,208
Queens,Queens,borough,562,587,599,567,538,548,530,488,526,549,515,523,504,516,426,467,604,613,535,531,469,521,498,439,498,881,945,913,1082,1040,1081,892,747,777,700,714,819,822,872,911,930,965,1116,1157,1237,1512,1616,1500,1616,1682,1893,2837,3074,2954,2640,2552,2368,2529,2732,2805,2661,2888,3265,3359,3632,3856,3415,3341,3421,3770,3696,3270,3161,3286,3636,3689,3901,4000,4069,4188,4175,4300,4314,4040,4883,5182,5974,5783,6312,7099,7025,4564,4659,4943,4530,4132,4566,4719,5209,5113,5431,5663,5409,5235
Queens Village,Queens,neighborhood,0,0,0,0,0,0,0,0,0,0,0,0,0,0,0,0,0,0,0,0,0,0,0,0,0,0,0,0,0,0,0,0,0,0,0,0,0,0,0,0,0,0,0,0,0,0,0,1,1,1,2,4,6,3,3,3,5,9,9,10,9,7,3,1,0,1,5,4,7,10,8,9,7,5,6,3,10,5,5,5,7,13,10,9,10,8,6,4,3,8,10,3,2,3,4,2,7,12,9,7,6,7,3,1
Queensboro Hill,Queens,neighborhood,0,0,0,0,0,0,0,0,0,0,0,0,0,0,0,0,0,0,0,0,0,0,0,0,0,0,0,0,0,0,0,0,0,0,0,0,0,0,0,0,0,0,0,0,0,0,0,0,0,0,0,0,0,0,0,0,0,0,0,0,0,0,0,0,0,0,0,0,0,0,0,0,0,0,0,0,0,0,0,0,0,0,0,0,0,0,0,0,0,0,0,0,0,0,0,0,0,0,0,0,0,0,0,0
Red Hook,Brooklyn,neighborhood,11,8,7,8,6,6,6,9,17,19,23,16,16,10,11,10,9,14,18,10,5,12,15,15,14,15,22,17,22,24,20,13,13,23,23,25,34,31,17,16,25,24,21,19,21,21,24,24,22,24,25,23,27,32,40,33,34,36,34,30,35,36,40,39,38,47,36,29,33,45,45,47,54,46,39,46,58,46,31,24,31,28,29,34,39,41,40,36,60,75,82,62,67,69,57,45,50,49,61,58,58,54,46,63
Rego Park,Queens,neighborhood,27,33,28,37,23,22,19,16,21,26,27,29,27,27,25,20,30,38,28,19,23,27,22,39,38,31,24,29,24,23,29,29,32,24,23,25,30,30,31,30,34,29,31,31,29,48,57,52,46,47,47,88,143,75,127,133,117,162,139,131,124,136,181,204,218,153,132,133,154,166,180,159,160,169,171,169,177,216,215,215,223,222,241,195,235,262,285,274,289,308,305,246,237,275,173,168,168,154,192,211,200,224,229,184
Richmond Hill,Queens,neighborhood,0,0,0,0,0,0,0,0,1,1,0,1,1,1,2,6,7,3,4,2,1,2,1,0,1,1,1,1,0,0,2,2,2,1,3,4,4,2,1,0,2,2,3,3,5,5,11,9,5,5,6,4,7,5,5,7,3,2,4,6,11,10,12,7,6,11,10,8,6,9,14,15,13,11,12,8,7,9,5,5,9,8,6,8,17,13,9,4,9,19,15,5,9,6,8,4,6,8,11,13,10,9,9,8
Ridgewood,Queens,neighborhood,4,4,3,5,3,0,2,2,2,5,4,4,4,5,5,4,3,3,2,4,5,12,12,7,4,55,53,60,14,27,26,23,10,29,28,28,26,21,18,20,20,15,18,24,22,59,54,50,40,44,44,52,71,70,80,78,67,88,88,93,95,90,130,157,185,191,156,179,211,261,250,218,231,245,276,246,301,332,343,357,324,344,325,325,376,354,450,435,489,529,543,376,398,373,416,362,407,416,463,463,513,526,493,526
Riverdale,Bronx,neighborhood,113,125,122,100,92,64,52,58,40,46,63,62,72,61,64,64,75,76,98,105,87,86,77,76,89,86,88,81,93,102,115,101,87,102,102,94,83,80,77,90,104,104,107,100,82,75,93,95,101,118,141,138,155,199,186,172,163,142,154,150,154,134,150,138,107,135,164,151,169,159,159,150,183,179,160,141,146,156,151,156,146,161,175,168,194,189,206,193,207,214,186,138,152,172,153,153,177,179,176,195,188,174,210,225
Rockaway All,Queens,neighborhood,5,7,3,3,2,0,0,0,0,16,16,2,2,3,5,6,6,3,2,2,2,1,1,2,5,4,4,4,3,4,3,4,4,2,1,0,0,1,2,3,5,7,10,21,23,30,29,35,29,25,21,27,23,24,25,24,29,29,30,33,28,21,31,38,39,41,42,40,52,43,21,20,22,18,23,33,43,65,89,79,57,49,51,42,44,42,31,30,34,50,50,22,33,43,33,25,21,40,37,41,42,50,59,60
Roosevelt Island,Manhattan,neighborhood,30,39,46,42,31,39,61,52,55,44,47,45,44,42,56,51,39,40,31,33,39,40,39,36,24,26,22,30,35,39,43,28,26,25,43,38,45,23,29,39,52,45,53,43,46,43,41,34,35,36,31,38,40,36,39,52,49,56,45,49,47,49,65,37,45,51,63,69,84,83,89,74,61,69,74,54,48,61,61,58,73,67,64,54,92,92,96,66,58,58,43,54,57,49,45,40,57,62,71,75,93,95,89,80
Rosedale,Queens,neighborhood,0,0,0,0,0,0,0,0,0,0,0,0,0,0,0,0,0,0,0,0,0,0,0,0,0,0,1,1,1,0,0,1,1,0,0,0,0,0,0,0,0,0,0,0,0,0,0,1,2,2,2,2,0,1,1,1,0,1,0,3,0,0,0,0,0,1,1,2,2,2,3,4,3,3,2,4,2,0,1,2,6,3,3,4,3,5,4,2,5,8,7,1,1,1,0,0,1,0,2,1,0,3,3,5
Schuylerville,Bronx,neighborhood,1,1,1,1,0,0,0,0,0,0,0,0,0,0,0,0,0,0,0,0,0,0,0,0,0,0,0,0,0,0,0,0,0,1,2,2,1,0,0,0,2,1,1,2,1,0,0,0,0,0,0,0,0,0,0,1,1,0,2,5,4,1,0,0,0,1,1,1,2,2,2,2,4,2,2,4,7,5,5,3,5,2,4,3,7,9,9,6,3,3,1,1,1,1,2,1,2,3,0,3,3,4,7,8
Seagate,Brooklyn,neighborhood,0,0,0,0,0,0,0,0,0,0,0,0,0,0,0,0,0,0,0,0,0,0,0,0,0,0,0,0,0,0,0,0,0,0,0,0,0,1,1,1,1,1,1,1,0,0,0,0,0,0,0,2,2,0,0,0,0,0,0,0,0,0,0,0,0,0,0,0,1,3,1,1,0,0,0,2,3,4,4,2,3,2,2,2,2,0,2,2,4,4,1,0,1,4,2,2,1,5,6,6,6,4,2,0
Sheepshead Bay,Brooklyn,neighborhood,12,18,17,17,13,13,8,11,6,9,12,34,62,66,64,51,46,44,39,37,41,39,30,39,25,39,33,42,53,37,41,40,22,41,40,31,40,46,50,60,44,40,65,49,59,64,46,63,57,90,87,87,86,112,125,121,148,102,64,61,76,73,87,96,122,127,153,106,117,146,130,104,123,93,113,106,111,103,103,100,124,123,152,160,173,198,261,234,241,224,205,132,147,159,131,116,135,121,132,158,173,174,188,157
Soho,Manhattan,neighborhood,250,232,235,255,234,274,253,229,212,183,192,174,174,165,200,192,209,236,273,289,207,192,200,177,196,196,208,208,275,311,333,290,223,220,217,197,236,277,283,312,319,315,364,377,336,308,256,211,223,204,247,282,326,333,343,343,294,251,238,220,216,240,258,297,320,349,362,338,277,264,228,259,286,277,291,325,371,383,384,363,328,318,295,252,274,276,318,346,398,391,387,356,314,328,284,236,245,239,262,286,341,317,314,319
Soundview,Bronx,neighborhood,0,0,0,0,0,0,0,0,0,0,0,0,0,0,1,2,1,1,1,0,0,0,0,0,0,0,0,0,0,1,1,3,7,3,1,1,3,1,1,0,1,1,2,1,2,4,3,3,2,4,5,4,6,6,5,5,3,5,12,25,22,29,37,23,19,18,17,19,18,15,12,22,20,19,12,6,5,9,15,17,18,18,21,20,20,18,23,26,23,21,20,13,14,14,10,9,10,13,18,18,18,13,13,16
South Brooklyn,Brooklyn,submarket,239,240,237,231,183,188,182,204,162,181,204,201,249,327,357,337,330,347,333,336,300,295,272,267,240,270,256,246,286,315,334,340,315,391,361,311,426,424,451,455,502,481,583,610,625,781,848,821,971,1077,1005,1013,969,1074,1240,1362,1494,1568,1501,1528,1574,1515,1609,1682,1782,1895,1901,1976,1952,2106,1934,1755,1734,1604,1752,1766,1888,1939,1864,1951,1966,1925,2062,1982,2422,2570,3080,2914,3328,3543,3474,2319,2298,2614,2434,2133,2364,2360,2613,2770,3138,3224,3450,3539
South Jamaica,Queens,neighborhood,0,0,0,0,0,0,0,0,2,2,2,2,2,3,1,4,3,1,0,0,0,1,2,2,1,0,0,1,2,1,1,1,1,2,2,0,0,1,1,1,2,2,2,1,2,2,4,3,4,3,5,4,3,4,1,0,0,3,5,2,2,2,1,4,5,2,3,5,6,6,8,6,3,4,5,3,3,3,2,2,3,1,2,3,2,5,5,6,11,18,17,0,3,9,7,7,8,7,4,5,4,4,3,16
South Ozone Park,Queens,neighborhood,0,0,0,0,1,1,1,0,0,0,0,0,0,0,0,0,0,0,0,0,0,0,0,0,1,1,1,0,0,0,0,0,0,0,0,0,0,0,0,0,0,0,1,1,1,2,3,2,1,3,3,4,2,2,1,1,1,0,0,3,4,4,3,2,1,1,2,2,1,0,0,0,3,3,2,1,0,0,0,0,0,0,0,0,0,3,3,2,4,6,3,2,1,2,1,2,2,2,4,3,3,4,3,2
South Queens,Queens,submarket,7,5,5,4,4,4,3,3,5,5,2,7,18,23,17,26,25,18,18,18,17,22,22,17,27,24,23,24,25,28,31,17,17,17,18,16,17,23,17,20,30,29,28,32,37,39,53,41,38,41,51,45,51,43,47,45,45,66,102,85,83,78,86,80,92,69,78,68,82,110,120,106,106,87,89,76,78,69,70,97,116,120,128,124,138,142,157,127,154,223,204,78,72,95,106,104,110,120,129,116,134,148,154,151
South Richmond Hill,Queens,neighborhood,0,0,0,0,0,0,0,0,0,0,0,0,0,0,0,1,1,2,1,0,0,0,0,0,1,1,0,0,0,0,1,1,1,1,1,1,0,0,0,1,1,2,2,2,2,2,3,3,3,2,2,5,4,4,1,0,0,1,2,1,1,2,3,3,1,1,1,0,0,2,2,5,9,2,2,3,3,3,3,2,3,3,2,3,4,5,2,1,3,8,5,4,3,4,4,5,4,3,2,5,4,5,5,5
Springfield Gardens,Queens,neighborhood,0,0,0,0,0,0,0,0,0,0,0,1,1,2,2,2,2,2,1,1,1,2,4,3,3,2,0,0,0,1,1,1,0,0,0,0,0,0,1,1,0,0,0,0,0,0,2,2,1,1,1,0,0,1,1,0,0,0,0,0,1,0,0,0,0,0,0,0,0,0,0,0,1,0,0,0,0,1,3,1,1,2,3,2,2,1,1,2,3,5,1,2,3,3,4,1,6,3,1,3,3,3,6,3
St. Albans,Queens,neighborhood,0,0,0,0,0,0,0,0,0,0,0,0,0,0,0,0,1,1,1,1,0,0,0,1,1,1,1,1,1,1,1,2,3,3,3,3,5,5,3,2,2,1,1,4,4,4,1,1,1,2,1,1,4,4,2,2,2,2,1,2,3,1,1,4,2,0,1,4,6,2,5,13,9,7,7,4,4,3,4,4,2,3,3,3,2,3,5,6,9,8,8,4,4,5,7,4,0,3,3,2,3,4,4,5
Staten Island,Staten Island,borough,8,6,7,7,3,4,3,4,6,6,6,7,6,5,5,5,6,6,7,6,7,6,4,6,6,7,5,9,9,14,18,17,19,16,17,14,11,11,12,12,23,27,21,17,15,61,84,49,36,38,32,33,47,45,52,40,51,53,50,58,76,80,96,103,99,65,58,64,68,81,74,70,63,65,74,81,81,80,78,96,99,106,119,99,95,99,116,104,119,86,81,34,51,53,74,76,93,91,91,70,80,79,81,85
Stuyvesant Town/PCV,Manhattan,neighborhood,4,4,5,5,9,12,9,3,1,1,1,4,9,9,0,0,0,1,1,1,5,6,18,24,21,29,31,25,15,12,34,53,79,87,70,53,65,42,28,30,26,23,9,9,9,64,64,39,37,296,510,1176,1178,762,81,73,56,51,36,38,33,25,36,65,336,310,438,400,263,173,77,63,90,108,85,114,115,135,151,122,93,79,81,89,113,100,97,98,94,100,143,112,104,71,64,31,77,56,120,119,82,46,69,89
Sunnyside,Queens,neighborhood,61,81,76,75,54,63,61,48,39,40,31,33,41,32,50,57,63,50,55,58,22,29,21,26,37,40,37,46,39,33,30,30,36,41,31,32,45,53,61,65,63,47,55,49,43,64,75,60,71,96,115,127,110,117,150,161,181,146,123,125,156,163,184,221,231,212,226,225,197,265,240,233,225,226,238,211,231,227,239,251,238,256,307,274,347,359,366,332,356,376,337,274,252,292,234,230,328,302,332,334,318,286,341,331
Sunset Park,Brooklyn,neighborhood,48,47,45,45,42,35,34,35,13,18,14,14,17,13,18,17,13,14,14,14,9,9,8,10,9,9,14,8,9,20,14,11,15,23,27,21,28,29,39,36,38,42,54,50,48,33,49,55,112,96,74,83,83,67,73,67,77,83,66,68,72,85,77,69,70,86,79,95,86,103,85,74,89,84,112,112,110,120,115,113,103,119,121,111,151,158,197,188,231,239,233,176,143,154,129,119,137,126,182,212,235,237,186,202
The Rockaways,Queens,submarket,5,7,3,3,2,0,0,0,0,16,16,2,2,3,5,6,6,3,2,2,2,1,1,2,5,4,4,4,3,4,3,4,4,2,1,0,0,1,2,3,5,7,10,21,23,30,29,35,29,25,21,27,23,24,25,24,29,29,30,33,28,21,31,38,39,41,42,40,52,43,21,20,22,18,23,33,43,65,89,79,57,49,51,42,44,42,31,30,34,50,50,22,33,43,33,25,21,40,37,41,42,50,59,60
Throgs Neck,Bronx,neighborhood,1,1,1,2,2,1,1,1,1,0,0,0,0,0,2,2,0,0,0,0,0,1,1,2,2,2,2,1,0,0,1,2,2,2,2,0,1,1,2,2,5,1,1,2,1,1,0,0,0,1,3,5,1,1,1,3,4,2,1,6,4,4,12,8,11,14,9,13,17,17,21,22,13,9,5,3,11,11,7,8,10,7,12,7,8,10,8,6,11,13,17,10,11,11,14,12,11,14,11,8,6,11,14,11
Tremont,Bronx,neighborhood,0,0,0,0,0,0,0,0,0,0,0,0,0,0,0,0,0,1,1,0,0,0,0,0,0,0,0,0,0,1,1,0,0,2,3,2,2,2,1,0,0,2,3,3,3,3,3,4,4,1,1,2,2,3,3,5,12,10,10,10,10,8,16,36,27,26,34,37,32,45,37,40,38,35,34,30,30,23,19,29,28,25,24,21,29,23,19,26,28,21,21,15,27,30,26,15,28,17,19,16,14,10,14,34
Tribeca,Manhattan,neighborhood,237,241,262,284,286,258,238,237,230,202,184,171,191,200,205,222,235,264,256,269,235,253,228,195,219,231,252,259,257,245,233,238,242,240,194,193,209,234,261,273,322,306,313,325,345,381,306,264,281,298,390,394,360,374,362,356,339,307,261,264,276,229,297,324,340,348,371,385,331,337,307,289,289,311,329,375,414,439,446,435,441,409,412,357,417,421,448,411,478,475,416,432,435,416,404,326,341,326,325,332,368,350,346,350
University Heights,Bronx,neighborhood,11,10,3,2,2,1,1,0,0,0,0,2,1,2,1,0,4,9,14,9,14,16,13,4,8,10,12,13,13,8,7,15,18,14,14,13,15,14,16,12,13,20,15,13,15,14,14,12,18,18,12,19,14,13,20,20,27,40,36,38,35,40,48,50,37,45,47,25,17,13,17,22,19,24,25,34,35,35,28,30,20,20,32,27,32,20,28,25,27,32,34,37,26,38,26,32,26,22,28,29,24,25,24,28
Upper East Side,Manhattan,neighborhood,2553,2655,2644,2592,2502,2673,2585,2560,2342,2381,2303,2406,2419,2285,2530,2335,2328,2397,2371,2349,2085,1980,1900,1747,1929,1961,2218,2270,2353,2538,2662,2621,2272,2287,2197,2071,2285,2160,2348,2657,2797,2805,3116,3281,2895,3087,2804,2649,2749,2870,2991,3095,3360,3378,3591,3440,3412,3274,2996,2771,2938,2828,3165,3301,3491,3676,3732,3607,3356,3445,3219,2935,3108,3131,3424,3562,3885,4121,4167,4154,3883,3746,3504,3172,3395,3215,3431,3419,3739,3942,3846,3319,3135,3220,2875,2539,2760,2690,2869,3041,3326,3511,3545,3458
Upper West Side,Manhattan,neighborhood,2165,2188,2308,2454,2328,2414,2220,1925,1699,1669,1614,1559,1562,1575,1672,1608,1748,1957,2053,2079,1922,2034,1702,1588,1719,1810,1898,1968,2133,2256,2243,2265,1957,1939,1883,1798,1933,1973,2119,2300,2417,2433,2550,2517,2528,2589,2383,2508,2488,2538,2692,2689,2963,3363,3557,3284,2941,2808,2562,2462,2683,2569,2892,3101,3271,3529,3687,3406,3005,2886,2658,2647,2724,2721,2881,2917,3220,3559,3556,3651,3293,3179,2999,2773,2889,2803,3071,3088,3509,3741,3662,3161,2890,2853,2627,2322,2538,2421,2548,2755,2955,3084,3175,3200
Utopia,Queens,neighborhood,0,0,0,0,1,1,0,0,1,1,0,0,0,0,0,1,1,2,1,1,1,1,1,1,1,1,1,1,1,1,1,1,1,1,1,1,1,1,1,1,1,1,1,1,1,1,1,1,1,1,1,1,1,1,1,1,2,1,1,1,1,1,1,1,1,1,1,1,1,1,1,1,1,2,3,2,2,2,2,0,0,0,0,0,1,0,0,0,0,0,0,1,1,1,1,1,0,0,0,0,0,0,1,3
Van Nest,Bronx,neighborhood,0,0,1,1,0,1,1,1,2,2,2,2,1,1,1,0,0,0,0,1,1,1,0,1,1,0,0,0,0,0,0,0,0,0,0,0,0,0,0,0,1,1,0,0,0,0,1,1,0,0,0,0,0,0,0,1,2,2,2,3,2,3,4,5,6,8,10,10,10,11,9,11,10,11,12,10,9,9,9,7,8,9,9,7,4,7,9,8,6,7,4,3,4,4,4,7,11,12,7,7,6,5,5,8
Wakefield,Bronx,neighborhood,0,0,0,0,0,0,0,0,0,0,0,0,0,0,1,1,1,1,1,3,3,3,3,3,3,3,4,4,3,3,4,4,5,2,3,3,3,3,3,2,2,3,6,1,3,4,7,6,5,3,2,4,4,5,11,15,11,12,20,20,30,34,22,22,23,35,35,21,15,22,15,17,16,20,24,22,23,20,17,18,25,25,21,14,16,12,15,18,16,14,11,10,9,11,6,7,4,5,9,4,12,25,23,17
Washington Heights,Manhattan,neighborhood,137,149,148,127,126,136,126,99,84,88,99,102,116,116,108,122,155,145,131,114,97,97,112,143,168,160,157,174,204,214,272,294,249,256,262,295,300,292,316,373,395,360,353,335,278,309,304,298,336,335,367,376,443,451,558,528,553,677,647,671,725,666,716,700,683,695,740,645,627,671,653,618,591,621,622,649,691,791,871,937,777,733,842,856,917,898,865,810,942,1064,1090,715,608,654,620,558,600,599,697,705,777,813,926,959
West Harlem,Manhattan,neighborhood,10,9,9,8,10,6,8,9,6,8,13,12,11,11,19,15,20,19,19,17,6,11,12,16,19,13,14,17,16,20,21,21,16,13,20,23,35,28,29,39,42,62,67,43,37,41,35,35,52,54,55,46,52,63,80,81,56,64,66,54,64,72,69,77,77,65,83,89,65,54,56,60,59,51,47,47,50,60,71,76,77,57,55,55,62,54,78,94,87,66,78,72,59,51,52,61,64,61,67,74,75,62,91,83
West Village,Manhattan,neighborhood,514,560,524,584,572,572,511,504,356,340,333,335,404,399,416,398,418,468,473,456,413,365,343,338,403,412,494,517,574,552,659,602,529,483,500,449,503,500,567,641,659,661,715,681,603,587,522,508,566,559,677,698,799,800,776,759,701,670,576,556,570,614,707,726,766,824,788,749,671,641,611,600,656,692,731,776,810,812,811,842,769,720,721,647,694,658,762,799,836,906,922,814,714,658,581,481,583,585,573,692,788,805,829,773
Westchester Village,Bronx,neighborhood,3,3,3,2,2,2,2,2,2,2,2,2,2,2,2,2,2,3,2,1,0,0,0,1,2,2,1,0,0,0,0,0,0,3,3,0,0,0,1,1,0,0,3,2,1,0,0,0,0,0,1,0,0,0,1,1,2,3,3,3,3,3,2,2,3,2,6,7,4,5,10,7,1,1,2,3,3,1,1,1,1,1,2,1,1,1,5,5,5,6,6,3,4,3,7,6,3,4,5,6,4,2,3,2
Whitestone,Queens,neighborhood,9,9,8,2,1,0,0,0,0,0,0,2,2,4,4,4,5,5,4,4,5,5,5,7,10,12,13,7,14,9,13,13,12,16,17,15,12,11,9,5,5,4,3,6,5,3,11,18,15,10,12,10,9,9,8,10,9,2,7,11,14,10,14,8,10,7,5,6,4,38,16,12,13,18,28,22,18,13,12,10,9,9,8,10,21,24,16,13,16,25,25,10,9,9,5,6,7,9,12,12,16,19,20,9
Williamsbridge,Bronx,neighborhood,0,0,0,0,0,0,0,0,0,0,0,0,0,0,1,1,1,0,0,1,1,0,1,0,0,0,7,7,5,5,5,2,2,1,1,2,2,3,3,2,1,2,5,3,3,4,3,7,7,4,3,2,4,4,10,5,4,7,11,10,5,6,10,18,22,15,10,5,6,14,16,9,4,5,9,8,8,8,10,6,6,5,6,5,8,11,18,15,15,14,10,4,7,6,9,8,10,8,6,5,14,15,14,6
Williamsburg,Brooklyn,neighborhood,317,315,342,316,282,303,308,305,236,220,218,171,175,229,253,233,275,288,275,260,294,291,279,403,354,373,371,391,427,435,473,539,647,661,630,625,604,555,511,574,557,629,843,961,935,995,926,1179,1242,1008,1039,1109,1191,1249,1500,1576,1330,1246,1426,1428,1575,1594,1604,1556,1571,1794,2077,2132,1692,1542,1409,1317,1621,1521,1629,1666,2058,2125,2162,2258,1959,1706,1673,1497,1828,1818,1977,1975,2331,2526,2541,2256,1929,1875,1512,1379,1529,1560,1778,2045,2475,2809,3357,3708
Windsor Terrace,Brooklyn,neighborhood,17,20,14,16,17,16,21,26,17,25,38,27,32,36,32,26,26,24,22,21,14,17,13,18,20,18,23,21,15,23,37,35,31,38,34,30,32,31,23,27,31,42,44,56,47,58,60,50,64,65,61,54,62,70,77,79,109,108,105,107,102,111,103,109,92,120,133,122,143,117,103,78,96,104,118,125,130,134,145,167,145,133,121,106,130,140,154,154,144,144,142,127,127,123,105,100,92,105,112,124,116,119,114,128
Woodhaven,Queens,neighborhood,0,0,1,1,0,1,1,0,0,0,0,0,1,1,1,2,2,1,2,2,1,2,4,3,2,2,1,1,1,2,3,4,5,4,4,3,3,3,2,1,1,2,2,2,3,3,4,1,1,4,8,7,8,6,10,7,5,14,29,13,13,23,40,37,46,11,9,7,13,15,17,14,11,6,6,6,5,6,5,9,7,8,9,9,12,17,23,18,18,25,24,17,12,10,8,9,15,11,16,19,20,12,15,13
Woodlawn,Bronx,neighborhood,0,0,0,0,0,0,0,0,0,0,0,0,0,0,0,0,0,0,0,1,1,1,1,1,2,0,0,0,0,1,3,2,1,0,0,0,1,1,1,0,0,0,0,0,0,0,0,0,0,1,1,0,0,0,0,1,0,0,0,0,1,3,2,1,0,0,0,0,0,0,2,1,1,1,1,4,5,4,2,2,2,3,4,4,3,7,10,7,5,4,10,6,5,9,7,1,0,2,6,2,3,1,0,3
Woodside,Queens,neighborhood,10,9,10,17,11,12,9,5,4,3,6,7,5,4,5,5,7,10,8,12,5,4,5,5,3,3,3,2,4,6,8,7,8,6,4,7,9,6,9,8,5,6,10,10,16,18,30,27,34,38,55,44,29,30,28,36,39,37,43,43,61,86,68,47,62,91,61,57,68,73,65,48,36,50,55,54,54,66,78,65,67,70,86,71,113,102,137,151,143,146,161,106,125,140,104,93,126,130,132,148,135,136,134,132
Woodstock,Bronx,neighborhood,0,1,1,1,1,1,0,0,0,1,1,1,0,0,0,0,0,0,1,1,0,1,2,2,2,1,1,1,2,3,3,4,5,2,5,5,5,3,4,9,3,2,5,4,4,3,6,5,6,4,4,5,6,8,7,7,9,9,10,7,6,4,3,5,5,4,6,8,9,7,6,5,5,7,6,6,9,6,7,7,7,4,6,6,9,10,11,7,11,8,10,9,8,8,11,6,6,4,4,15,17,13,21,22
